Workbook

Sheet README
A1: UGC DEB Approved Online Programmes — AY 2025-26 (Jan-Feb 2026 Session)
A2: Source: UGC notice dated 08-Jan-2026 | https://deb.ugc.ac.in
A4: PURPOSE
A5: This workbook is the master verification register for online programmes under UGC-DEB.
A6: It lets you check at a glance whether a university and its specific programme are UGC-DEB approved
A7: for online delivery, plus placeholder columns for AICTE / NAAC / NIRF data to be filled in later.
A9: SHEETS
A10: 1. Master_Online — every approved online programme as one row (filterable by state, type, programme).
A11: 2. University_Summary — one row per university with programme count and approval columns.
A12: 3. Verification_Lookup — paste a university name; formulas confirm UGC-DEB status and program count.
A13: 4. Stats — high-level counts by state, type, and programme category.
A15: COLOR / FLAG LEGEND
... A283: whether the rank actually applies to the programme they're researching.

Sheet Master_Online
A1: S.No | B1: UGC S.No | C1: State | D1: HEI Type | E1: University Name | F1: Programme Name | G1: Programme Category | H1: Level | I1: Mode | J1: UGC-DEB Approved | K1: UGC Notice | L1: Recognition Period | M1: Recognition End Date | N1: Validity Status | O1: AICTE Approved | P1: NAAC Grade | Q1: NAAC CGPA | R1: NAAC Cycle | S1: NAAC Declared On | T1: NAAC Validity Status | U1: NAAC Tier | V1: AACSB Status | W1: AACSB Accredited School | X1: AACSB URL | Y1: NBA Courses (count) | Z1: NBA Earliest Expiry | AA1: NBA Status | AB1: NBA Domains | AC1: NIRF: Overall | AD1: NIRF: University | AE1: NIRF: Research | AF1: NIRF: Engineering | AG1: NIRF: Management | AH1: NIRF: Pharmacy | AI1: NIRF: Medical | AJ1: NIRF: Dental | AK1: NIRF: Law | AL1: NIRF: Architecture | AM1: NIRF: Agriculture | AN1: NIRF: Innovation | AO1: NIRF: State Public | AP1: NIRF: Open | AQ1: NIRF: Skill | AR1: NIRF: SDG | AS1: NIRF: College | AT1: Verified On | AU1: Notes
A2: 1 | B2: 1 | C2: Andhra Pradesh | D2: State University | E2: Andhra University | F2: Bachelor of Commerce (Accountancy) | G2: B.Com | H2: UG | I2: Online | J2: Yes | K2: Notice 1 (Jan 2026) | L2: AY 2025-26, Jan-Feb 2026 session | N2: =IF(M2="","Active (per Notice 1)",IF(M2<TODAY(),"Expired",IF(M2<TODAY()+180,"Expiring Soon","Active"))) -> Active (per Notice 1) | O2: N/A | P2: A++ | Q2: 3.74 | R2: 4 | S2: 45239 | T2: =IF(S2="","",IF(EDATE(S2,60)<TODAY(),"Expired",IF(EDATE(S2,60)<TODAY()+180,"Expiring Soon","Valid"))) -> Valid | U2: =IF(P2="","",IF(P2="A++","Top Tier",IF(P2="A+","High",IF(P2="A","Strong",IF(LEFT(P2,1)="B","Acceptable",IF(LEFT(P2,1)="C","Below Avg","-")))))) -> Top Tier | AC2: 41 | AD2: 23 | AO2: 4
A3: 2 | B3: 1 | C3: Andhra Pradesh | D3: State University | E3: Andhra University | F3: Bachelor of Arts (History, Economics, Politics) | G3: BA | H3: UG | I3: Online | J3: Yes | K3: Notice 1 (Jan 2026) | L3: AY 2025-26, Jan-Feb 2026 session | N3: =IF(M3="","Active (per Notice 1)",IF(M3<TODAY(),"Expired",IF(M3<TODAY()+180,"Expiring Soon","Active"))) -> Active (per Notice 1) | O3: N/A | P3: A++ | Q3: 3.74 | R3: 4 | S3: 45239 | T3: =IF(S3="","",IF(EDATE(S3,60)<TODAY(),"Expired",IF(EDATE(S3,60)<TODAY()+180,"Expiring Soon","Valid"))) -> Valid | U3: =IF(P3="","",IF(P3="A++","Top Tier",IF(P3="A+","High",IF(P3="A","Strong",IF(LEFT(P3,1)="B","Acceptable",IF(LEFT(P3,1)="C","Below Avg","-")))))) -> Top Tier | AC3: 41 | AD3: 23 | AO3: 4
A4: 3 | B4: 1 | C4: Andhra Pradesh | D4: State University | E4: Andhra University | F4: Bachelor of Commerce | G4: B.Com | H4: UG | I4: Online | J4: Yes | K4: Notice 1 (Jan 2026) | L4: AY 2025-26, Jan-Feb 2026 session | N4: =IF(M4="","Active (per Notice 1)",IF(M4<TODAY(),"Expired",IF(M4<TODAY()+180,"Expiring Soon","Active"))) -> Active (per Notice 1) | O4: N/A | P4: A++ | Q4: 3.74 | R4: 4 | S4: 45239 | T4: =IF(S4="","",IF(EDATE(S4,60)<TODAY(),"Expired",IF(EDATE(S4,60)<TODAY()+180,"Expiring Soon","Valid"))) -> Valid | U4: =IF(P4="","",IF(P4="A++","Top Tier",IF(P4="A+","High",IF(P4="A","Strong",IF(LEFT(P4,1)="B","Acceptable",IF(LEFT(P4,1)="C","Below Avg","-")))))) -> Top Tier | AC4: 41 | AD4: 23 | AO4: 4
A5: 4 | B5: 1 | C5: Andhra Pradesh | D5: State University | E5: Andhra University | F5: Master of Arts (Sociology) | G5: MA | H5: PG | I5: Online | J5: Yes | K5: Notice 1 (Jan 2026) | L5: AY 2025-26, Jan-Feb 2026 session | N5: =IF(M5="","Active (per Notice 1)",IF(M5<TODAY(),"Expired",IF(M5<TODAY()+180,"Expiring Soon","Active"))) -> Active (per Notice 1) | O5: N/A | P5: A++ | Q5: 3.74 | R5: 4 | S5: 45239 | T5: =IF(S5="","",IF(EDATE(S5,60)<TODAY(),"Expired",IF(EDATE(S5,60)<TODAY()+180,"Expiring Soon","Valid"))) -> Valid | U5: =IF(P5="","",IF(P5="A++","Top Tier",IF(P5="A+","High",IF(P5="A","Strong",IF(LEFT(P5,1)="B","Acceptable",IF(LEFT(P5,1)="C","Below Avg","-")))))) -> Top Tier | AC5: 41 | AD5: 23 | AO5: 4
A6: 5 | B6: 1 | C6: Andhra Pradesh | D6: State University | E6: Andhra University | F6: Master of Business Administration | G6: MBA | H6: PG | I6: Online | J6: Yes | K6: Notice 1 (Jan 2026) | L6: AY 2025-26, Jan-Feb 2026 session | N6: =IF(M6="","Active (per Notice 1)",IF(M6<TODAY(),"Expired",IF(M6<TODAY()+180,"Expiring Soon","Active"))) -> Active (per Notice 1) | O6: No | P6: A++ | Q6: 3.74 | R6: 4 | S6: 45239 | T6: =IF(S6="","",IF(EDATE(S6,60)<TODAY(),"Expired",IF(EDATE(S6,60)<TODAY()+180,"Expiring Soon","Valid"))) -> Valid | U6: =IF(P6="","",IF(P6="A++","Top Tier",IF(P6="A+","High",IF(P6="A","Strong",IF(LEFT(P6,1)="B","Acceptable",IF(LEFT(P6,1)="C","Below Avg","-")))))) -> Top Tier | AC6: 41 | AD6: 23 | AO6: 4
A7: 6 | B7: 1 | C7: Andhra Pradesh | D7: State University | E7: Andhra University | F7: Master of Computer Applications | G7: MCA | H7: PG | I7: Online | J7: Yes | K7: Notice 1 (Jan 2026) | L7: AY 2025-26, Jan-Feb 2026 session | N7: =IF(M7="","Active (per Notice 1)",IF(M7<TODAY(),"Expired",IF(M7<TODAY()+180,"Expiring Soon","Active"))) -> Active (per Notice 1) | O7: No | P7: A++ | Q7: 3.74 | R7: 4 | S7: 45239 | T7: =IF(S7="","",IF(EDATE(S7,60)<TODAY(),"Expired",IF(EDATE(S7,60)<TODAY()+180,"Expiring Soon","Valid"))) -> Valid | U7: =IF(P7="","",IF(P7="A++","Top Tier",IF(P7="A+","High",IF(P7="A","Strong",IF(LEFT(P7,1)="B","Acceptable",IF(LEFT(P7,1)="C","Below Avg","-")))))) -> Top Tier | AC7: 41 | AD7: 23 | AO7: 4
A8: 7 | B8: 1 | C8: Andhra Pradesh | D8: State University | E8: Andhra University | F8: Master of Commerce | G8: M.Com | H8: PG | I8: Online | J8: Yes | K8: Notice 1 (Jan 2026) | L8: AY 2025-26, Jan-Feb 2026 session | N8: =IF(M8="","Active (per Notice 1)",IF(M8<TODAY(),"Expired",IF(M8<TODAY()+180,"Expiring Soon","Active"))) -> Active (per Notice 1) | O8: N/A | P8: A++ | Q8: 3.74 | R8: 4 | S8: 45239 | T8: =IF(S8="","",IF(EDATE(S8,60)<TODAY(),"Expired",IF(EDATE(S8,60)<TODAY()+180,"Expiring Soon","Valid"))) -> Valid | U8: =IF(P8="","",IF(P8="A++","Top Tier",IF(P8="A+","High",IF(P8="A","Strong",IF(LEFT(P8,1)="B","Acceptable",IF(LEFT(P8,1)="C","Below Avg","-")))))) -> Top Tier | AC8: 41 | AD8: 23 | AO8: 4
A9: 8 | B9: 1 | C9: Andhra Pradesh | D9: State University | E9: Andhra University | F9: Master of Arts (Political Science) | G9: MA | H9: PG | I9: Online | J9: Yes | K9: Notice 1 (Jan 2026) | L9: AY 2025-26, Jan-Feb 2026 session | N9: =IF(M9="","Active (per Notice 1)",IF(M9<TODAY(),"Expired",IF(M9<TODAY()+180,"Expiring Soon","Active"))) -> Active (per Notice 1) | O9: N/A | P9: A++ | Q9: 3.74 | R9: 4 | S9: 45239 | T9: =IF(S9="","",IF(EDATE(S9,60)<TODAY(),"Expired",IF(EDATE(S9,60)<TODAY()+180,"Expiring Soon","Valid"))) -> Valid | U9: =IF(P9="","",IF(P9="A++","Top Tier",IF(P9="A+","High",IF(P9="A","Strong",IF(LEFT(P9,1)="B","Acceptable",IF(LEFT(P9,1)="C","Below Avg","-")))))) -> Top Tier | AC9: 41 | AD9: 23 | AO9: 4
A10: 9 | B10: 1 | C10: Andhra Pradesh | D10: State University | E10: Andhra University | F10: Master of Arts (Economics) | G10: MA | H10: PG | I10: Online | J10: Yes | K10: Notice 1 (Jan 2026) | L10: AY 2025-26, Jan-Feb 2026 session | N10: =IF(M10="","Active (per Notice 1)",IF(M10<TODAY(),"Expired",IF(M10<TODAY()+180,"Expiring Soon","Active"))) -> Active (per Notice 1) | O10: N/A | P10: A++ | Q10: 3.74 | R10: 4 | S10: 45239 | T10: =IF(S10="","",IF(EDATE(S10,60)<TODAY(),"Expired",IF(EDATE(S10,60)<TODAY()+180,"Expiring Soon","Valid"))) -> Valid | U10: =IF(P10="","",IF(P10="A++","Top Tier",IF(P10="A+","High",IF(P10="A","Strong",IF(LEFT(P10,1)="B","Acceptable",IF(LEFT(P10,1)="C","Below Avg","-")))))) -> Top Tier | AC10: 41 | AD10: 23 | AO10: 4
A11: 10 | B11: 1 | C11: Andhra Pradesh | D11: State University | E11: Andhra University | F11: Master of Arts (English) | G11: MA | H11: PG | I11: Online | J11: Yes | K11: Notice 1 (Jan 2026) | L11: AY 2025-26, Jan-Feb 2026 session | N11: =IF(M11="","Active (per Notice 1)",IF(M11<TODAY(),"Expired",IF(M11<TODAY()+180,"Expiring Soon","Active"))) -> Active (per Notice 1) | O11: N/A | P11: A++ | Q11: 3.74 | R11: 4 | S11: 45239 | T11: =IF(S11="","",IF(EDATE(S11,60)<TODAY(),"Expired",IF(EDATE(S11,60)<TODAY()+180,"Expiring Soon","Valid"))) -> Valid | U11: =IF(P11="","",IF(P11="A++","Top Tier",IF(P11="A+","High",IF(P11="A","Strong",IF(LEFT(P11,1)="B","Acceptable",IF(LEFT(P11,1)="C","Below Avg","-")))))) -> Top Tier | AC11: 41 | AD11: 23 | AO11: 4
A12: 11 | B12: 1 | C12: Andhra Pradesh | D12: State University | E12: Andhra University | F12: Master of Arts (Human Resource Management) | G12: MA | H12: PG | I12: Online | J12: Yes | K12: Notice 1 (Jan 2026) | L12: AY 2025-26, Jan-Feb 2026 session | N12: =IF(M12="","Active (per Notice 1)",IF(M12<TODAY(),"Expired",IF(M12<TODAY()+180,"Expiring Soon","Active"))) -> Active (per Notice 1) | O12: N/A | P12: A++ | Q12: 3.74 | R12: 4 | S12: 45239 | T12: =IF(S12="","",IF(EDATE(S12,60)<TODAY(),"Expired",IF(EDATE(S12,60)<TODAY()+180,"Expiring Soon","Valid"))) -> Valid | U12: =IF(P12="","",IF(P12="A++","Top Tier",IF(P12="A+","High",IF(P12="A","Strong",IF(LEFT(P12,1)="B","Acceptable",IF(LEFT(P12,1)="C","Below Avg","-")))))) -> Top Tier | AC12: 41 | AD12: 23 | AO12: 4
A13: 12 | B13: 1 | C13: Andhra Pradesh | D13: State University | E13: Andhra University | F13: Master of Arts (Journalism & Mass Communication) | G13: MA | H13: PG | I13: Online | J13: Yes | K13: Notice 1 (Jan 2026) | L13: AY 2025-26, Jan-Feb 2026 session | N13: =IF(M13="","Active (per Notice 1)",IF(M13<TODAY(),"Expired",IF(M13<TODAY()+180,"Expiring Soon","Active"))) -> Active (per Notice 1) | O13: N/A | P13: A++ | Q13: 3.74 | R13: 4 | S13: 45239 | T13: =IF(S13="","",IF(EDATE(S13,60)<TODAY(),"Expired",IF(EDATE(S13,60)<TODAY()+180,"Expiring Soon","Valid"))) -> Valid | U13: =IF(P13="","",IF(P13="A++","Top Tier",IF(P13="A+","High",IF(P13="A","Strong",IF(LEFT(P13,1)="B","Acceptable",IF(LEFT(P13,1)="C","Below Avg","-")))))) -> Top Tier | AC13: 41 | AD13: 23 | AO13: 4
A14: 13 | B14: 2 | C14: Andhra Pradesh | D14: Deemed-to-be University | E14: Koneru Lakshmaiah Education Foundation | F14: Bachelor of Business Administration | G14: BBA | H14: UG | I14: Online | J14: Yes | K14: Notice 1 (Jan 2026) | L14: AY 2025-26, Jan-Feb 2026 session | N14: =IF(M14="","Active (per Notice 1)",IF(M14<TODAY(),"Expired",IF(M14<TODAY()+180,"Expiring Soon","Active"))) -> Active (per Notice 1) | O14: Yes | AC14: 46 | AD14: 26 | AF14: 35 | AG14: 70
A15: 14 | B15: 2 | C15: Andhra Pradesh | D15: Deemed-to-be University | E15: Koneru Lakshmaiah Education Foundation | F15: Bachelor of Computer Applications | G15: BCA | H15: UG | I15: Online | J15: Yes | K15: Notice 1 (Jan 2026) | L15: AY 2025-26, Jan-Feb 2026 session | N15: =IF(M15="","Active (per Notice 1)",IF(M15<TODAY(),"Expired",IF(M15<TODAY()+180,"Expiring Soon","Active"))) -> Active (per Notice 1) | O15: Yes | AC15: 46 | AD15: 26 | AF15: 35 | AG15: 70
A16: 15 | B16: 2 | C16: Andhra Pradesh | D16: Deemed-to-be University | E16: Koneru Lakshmaiah Education Foundation | F16: Master of Business Administration (Digital Marketing) | G16: MBA | H16: PG | I16: Online | J16: Yes | K16: Notice 1 (Jan 2026) | L16: AY 2025-26, Jan-Feb 2026 session | N16: =IF(M16="","Active (per Notice 1)",IF(M16<TODAY(),"Expired",IF(M16<TODAY()+180,"Expiring Soon","Active"))) -> Active (per Notice 1) | O16: Yes | AC16: 46 | AD16: 26 | AF16: 35 | AG16: 70
A17: 16 | B17: 2 | C17: Andhra Pradesh | D17: Deemed-to-be University | E17: Koneru Lakshmaiah Education Foundation | F17: Master of Business Administration (Entrepreneurship) | G17: MBA | H17: PG | I17: Online | J17: Yes | K17: Notice 1 (Jan 2026) | L17: AY 2025-26, Jan-Feb 2026 session | N17: =IF(M17="","Active (per Notice 1)",IF(M17<TODAY(),"Expired",IF(M17<TODAY()+180,"Expiring Soon","Active"))) -> Active (per Notice 1) | O17: Yes | AC17: 46 | AD17: 26 | AF17: 35 | AG17: 70
A18: 17 | B18: 2 | C18: Andhra Pradesh | D18: Deemed-to-be University | E18: Koneru Lakshmaiah Education Foundation | F18: Master of Business Administration (Data Science) | G18: MBA | H18: PG | I18: Online | J18: Yes | K18: Notice 1 (Jan 2026) | L18: AY 2025-26, Jan-Feb 2026 session | N18: =IF(M18="","Active (per Notice 1)",IF(M18<TODAY(),"Expired",IF(M18<TODAY()+180,"Expiring Soon","Active"))) -> Active (per Notice 1) | O18: Yes | AC18: 46 | AD18: 26 | AF18: 35 | AG18: 70
A19: 18 | B19: 2 | C19: Andhra Pradesh | D19: Deemed-to-be University | E19: Koneru Lakshmaiah Education Foundation | F19: Master of Business Administration (Logistics & Supply Chain Management) | G19: MBA | H19: PG | I19: Online | J19: Yes | K19: Notice 1 (Jan 2026) | L19: AY 2025-26, Jan-Feb 2026 session | N19: =IF(M19="","Active (per Notice 1)",IF(M19<TODAY(),"Expired",IF(M19<TODAY()+180,"Expiring Soon","Active"))) -> Active (per Notice 1) | O19: Yes | AC19: 46 | AD19: 26 | AF19: 35 | AG19: 70
A20: 19 | B20: 2 | C20: Andhra Pradesh | D20: Deemed-to-be University | E20: Koneru Lakshmaiah Education Foundation | F20: Master of Business Administration | G20: MBA | H20: PG | I20: Online | J20: Yes | K20: Notice 1 (Jan 2026) | L20: AY 2025-26, Jan-Feb 2026 session | N20: =IF(M20="","Active (per Notice 1)",IF(M20<TODAY(),"Expired",IF(M20<TODAY()+180,"Expiring Soon","Active"))) -> Active (per Notice 1) | O20: Yes | AC20: 46 | AD20: 26 | AF20: 35 | AG20: 70
A21: 20 | B21: 2 | C21: Andhra Pradesh | D21: Deemed-to-be University | E21: Koneru Lakshmaiah Education Foundation | F21: Master of Computer Applications | G21: MCA | H21: PG | I21: Online | J21: Yes | K21: Notice 1 (Jan 2026) | L21: AY 2025-26, Jan-Feb 2026 session | N21: =IF(M21="","Active (per Notice 1)",IF(M21<TODAY(),"Expired",IF(M21<TODAY()+180,"Expiring Soon","Active"))) -> Active (per Notice 1) | O21: Yes | AC21: 46 | AD21: 26 | AF21: 35 | AG21: 70
A22: 21 | B22: 3 | C22: Andhra Pradesh | D22: Deemed-to-be University | E22: Vignan's Foundation for Science, Technology and Research | F22: Bachelor of Business Administration (General) | G22: BBA | H22: UG | I22: Online | J22: Yes | K22: Notice 1 (Jan 2026) | L22: AY 2025-26, Jan-Feb 2026 session | N22: =IF(M22="","Active (per Notice 1)",IF(M22<TODAY(),"Expired",IF(M22<TODAY()+180,"Expiring Soon","Active"))) -> Active (per Notice 1) | O22: Yes | P22: A+ | Q22: 3.49 | R22: 2 | S22: 44495 | T22: =IF(S22="","",IF(EDATE(S22,60)<TODAY(),"Expired",IF(EDATE(S22,60)<TODAY()+180,"Expiring Soon","Valid"))) -> Valid | U22: =IF(P22="","",IF(P22="A++","Top Tier",IF(P22="A+","High",IF(P22="A","Strong",IF(LEFT(P22,1)="B","Acceptable",IF(LEFT(P22,1)="C","Below Avg","-")))))) -> High | Y22: 4 | Z22: 46203 | AA22: All Valid | AB22: Engg | AD22: 70 | AF22: 80
A23: 22 | B23: 3 | C23: Andhra Pradesh | D23: Deemed-to-be University | E23: Vignan's Foundation for Science, Technology and Research | F23: Bachelor of Computer Applications | G23: BCA | H23: UG | I23: Online | J23: Yes | K23: Notice 1 (Jan 2026) | L23: AY 2025-26, Jan-Feb 2026 session | N23: =IF(M23="","Active (per Notice 1)",IF(M23<TODAY(),"Expired",IF(M23<TODAY()+180,"Expiring Soon","Active"))) -> Active (per Notice 1) | O23: Yes | P23: A+ | Q23: 3.49 | R23: 2 | S23: 44495 | T23: =IF(S23="","",IF(EDATE(S23,60)<TODAY(),"Expired",IF(EDATE(S23,60)<TODAY()+180,"Expiring Soon","Valid"))) -> Valid | U23: =IF(P23="","",IF(P23="A++","Top Tier",IF(P23="A+","High",IF(P23="A","Strong",IF(LEFT(P23,1)="B","Acceptable",IF(LEFT(P23,1)="C","Below Avg","-")))))) -> High | Y23: 4 | Z23: 46203 | AA23: All Valid | AB23: Engg | AD23: 70 | AF23: 80
A24: 23 | B24: 3 | C24: Andhra Pradesh | D24: Deemed-to-be University | E24: Vignan's Foundation for Science, Technology and Research | F24: Master of Business Administration (HR) | G24: MBA | H24: PG | I24: Online | J24: Yes | K24: Notice 1 (Jan 2026) | L24: AY 2025-26, Jan-Feb 2026 session | N24: =IF(M24="","Active (per Notice 1)",IF(M24<TODAY(),"Expired",IF(M24<TODAY()+180,"Expiring Soon","Active"))) -> Active (per Notice 1) | O24: Yes | P24: A+ | Q24: 3.49 | R24: 2 | S24: 44495 | T24: =IF(S24="","",IF(EDATE(S24,60)<TODAY(),"Expired",IF(EDATE(S24,60)<TODAY()+180,"Expiring Soon","Valid"))) -> Valid | U24: =IF(P24="","",IF(P24="A++","Top Tier",IF(P24="A+","High",IF(P24="A","Strong",IF(LEFT(P24,1)="B","Acceptable",IF(LEFT(P24,1)="C","Below Avg","-")))))) -> High | Y24: 4 | Z24: 46203 | AA24: All Valid | AB24: Engg | AD24: 70 | AF24: 80
A25: 24 | B25: 3 | C25: Andhra Pradesh | D25: Deemed-to-be University | E25: Vignan's Foundation for Science, Technology and Research | F25: Master of Business Administration (Finance) | G25: MBA | H25: PG | I25: Online | J25: Yes | K25: Notice 1 (Jan 2026) | L25: AY 2025-26, Jan-Feb 2026 session | N25: =IF(M25="","Active (per Notice 1)",IF(M25<TODAY(),"Expired",IF(M25<TODAY()+180,"Expiring Soon","Active"))) -> Active (per Notice 1) | O25: Yes | P25: A+ | Q25: 3.49 | R25: 2 | S25: 44495 | T25: =IF(S25="","",IF(EDATE(S25,60)<TODAY(),"Expired",IF(EDATE(S25,60)<TODAY()+180,"Expiring Soon","Valid"))) -> Valid | U25: =IF(P25="","",IF(P25="A++","Top Tier",IF(P25="A+","High",IF(P25="A","Strong",IF(LEFT(P25,1)="B","Acceptable",IF(LEFT(P25,1)="C","Below Avg","-")))))) -> High | Y25: 4 | Z25: 46203 | AA25: All Valid | AB25: Engg | AD25: 70 | AF25: 80
A26: 25 | B26: 3 | C26: Andhra Pradesh | D26: Deemed-to-be University | E26: Vignan's Foundation for Science, Technology and Research | F26: Master of Business Administration (General) | G26: MBA | H26: PG | I26: Online | J26: Yes | K26: Notice 1 (Jan 2026) | L26: AY 2025-26, Jan-Feb 2026 session | N26: =IF(M26="","Active (per Notice 1)",IF(M26<TODAY(),"Expired",IF(M26<TODAY()+180,"Expiring Soon","Active"))) -> Active (per Notice 1) | O26: Yes | P26: A+ | Q26: 3.49 | R26: 2 | S26: 44495 | T26: =IF(S26="","",IF(EDATE(S26,60)<TODAY(),"Expired",IF(EDATE(S26,60)<TODAY()+180,"Expiring Soon","Valid"))) -> Valid | U26: =IF(P26="","",IF(P26="A++","Top Tier",IF(P26="A+","High",IF(P26="A","Strong",IF(LEFT(P26,1)="B","Acceptable",IF(LEFT(P26,1)="C","Below Avg","-")))))) -> High | Y26: 4 | Z26: 46203 | AA26: All Valid | AB26: Engg | AD26: 70 | AF26: 80
A27: 26 | B27: 3 | C27: Andhra Pradesh | D27: Deemed-to-be University | E27: Vignan's Foundation for Science, Technology and Research | F27: Master of Computer Applications | G27: MCA | H27: PG | I27: Online | J27: Yes | K27: Notice 1 (Jan 2026) | L27: AY 2025-26, Jan-Feb 2026 session | N27: =IF(M27="","Active (per Notice 1)",IF(M27<TODAY(),"Expired",IF(M27<TODAY()+180,"Expiring Soon","Active"))) -> Active (per Notice 1) | O27: Yes | P27: A+ | Q27: 3.49 | R27: 2 | S27: 44495 | T27: =IF(S27="","",IF(EDATE(S27,60)<TODAY(),"Expired",IF(EDATE(S27,60)<TODAY()+180,"Expiring Soon","Valid"))) -> Valid | U27: =IF(P27="","",IF(P27="A++","Top Tier",IF(P27="A+","High",IF(P27="A","Strong",IF(LEFT(P27,1)="B","Acceptable",IF(LEFT(P27,1)="C","Below Avg","-")))))) -> High | Y27: 4 | Z27: 46203 | AA27: All Valid | AB27: Engg | AD27: 70 | AF27: 80
A28: 27 | B28: 4 | C28: Andhra Pradesh | D28: Private University | E28: Mohan Babu University | F28: Bachelor of Commerce | G28: B.Com | H28: UG | I28: Online | J28: Yes | K28: Notice 1 (Jan 2026) | L28: AY 2025-26, Jan-Feb 2026 session | N28: =IF(M28="","Active (per Notice 1)",IF(M28<TODAY(),"Expired",IF(M28<TODAY()+180,"Expiring Soon","Active"))) -> Active (per Notice 1) | O28: N/A
A29: 28 | B29: 4 | C29: Andhra Pradesh | D29: Private University | E29: Mohan Babu University | F29: Bachelor of Business Administration | G29: BBA | H29: UG | I29: Online | J29: Yes | K29: Notice 1 (Jan 2026) | L29: AY 2025-26, Jan-Feb 2026 session | N29: =IF(M29="","Active (per Notice 1)",IF(M29<TODAY(),"Expired",IF(M29<TODAY()+180,"Expiring Soon","Active"))) -> Active (per Notice 1) | O29: No
A30: 29 | B30: 4 | C30: Andhra Pradesh | D30: Private University | E30: Mohan Babu University | F30: Bachelor of Computer Applications | G30: BCA | H30: UG | I30: Online | J30: Yes | K30: Notice 1 (Jan 2026) | L30: AY 2025-26, Jan-Feb 2026 session | N30: =IF(M30="","Active (per Notice 1)",IF(M30<TODAY(),"Expired",IF(M30<TODAY()+180,"Expiring Soon","Active"))) -> Active (per Notice 1) | O30: No
A31: 30 | B31: 4 | C31: Andhra Pradesh | D31: Private University | E31: Mohan Babu University | F31: Master of Business Administration | G31: MBA | H31: PG | I31: Online | J31: Yes | K31: Notice 1 (Jan 2026) | L31: AY 2025-26, Jan-Feb 2026 session | N31: =IF(M31="","Active (per Notice 1)",IF(M31<TODAY(),"Expired",IF(M31<TODAY()+180,"Expiring Soon","Active"))) -> Active (per Notice 1) | O31: No
A32: 31 | B32: 4 | C32: Andhra Pradesh | D32: Private University | E32: Mohan Babu University | F32: Master of Computer Applications | G32: MCA | H32: PG | I32: Online | J32: Yes | K32: Notice 1 (Jan 2026) | L32: AY 2025-26, Jan-Feb 2026 session | N32: =IF(M32="","Active (per Notice 1)",IF(M32<TODAY(),"Expired",IF(M32<TODAY()+180,"Expiring Soon","Active"))) -> Active (per Notice 1) | O32: No
A33: 32 | B33: 5 | C33: Assam | D33: Private University | E33: Assam Down Town University | F33: Bachelor of Business Administration | G33: BBA | H33: UG | I33: Online | J33: Yes | K33: Notice 1 (Jan 2026) | L33: AY 2025-26, Jan-Feb 2026 session | N33: =IF(M33="","Active (per Notice 1)",IF(M33<TODAY(),"Expired",IF(M33<TODAY()+180,"Expiring Soon","Active"))) -> Active (per Notice 1) | O33: No | P33: A+ | Q33: 3.34 | R33: 2 | S33: 45786 | T33: =IF(S33="","",IF(EDATE(S33,60)<TODAY(),"Expired",IF(EDATE(S33,60)<TODAY()+180,"Expiring Soon","Valid"))) -> Valid | U33: =IF(P33="","",IF(P33="A++","Top Tier",IF(P33="A+","High",IF(P33="A","Strong",IF(LEFT(P33,1)="B","Acceptable",IF(LEFT(P33,1)="C","Below Avg","-")))))) -> High
A34: 33 | B34: 5 | C34: Assam | D34: Private University | E34: Assam Down Town University | F34: Bachelor of Computer Applications | G34: BCA | H34: UG | I34: Online | J34: Yes | K34: Notice 1 (Jan 2026) | L34: AY 2025-26, Jan-Feb 2026 session | N34: =IF(M34="","Active (per Notice 1)",IF(M34<TODAY(),"Expired",IF(M34<TODAY()+180,"Expiring Soon","Active"))) -> Active (per Notice 1) | O34: No | P34: A+ | Q34: 3.34 | R34: 2 | S34: 45786 | T34: =IF(S34="","",IF(EDATE(S34,60)<TODAY(),"Expired",IF(EDATE(S34,60)<TODAY()+180,"Expiring Soon","Valid"))) -> Valid | U34: =IF(P34="","",IF(P34="A++","Top Tier",IF(P34="A+","High",IF(P34="A","Strong",IF(LEFT(P34,1)="B","Acceptable",IF(LEFT(P34,1)="C","Below Avg","-")))))) -> High
A35: 34 | B35: 5 | C35: Assam | D35: Private University | E35: Assam Down Town University | F35: Master of Computer Applications | G35: MCA | H35: PG | I35: Online | J35: Yes | K35: Notice 1 (Jan 2026) | L35: AY 2025-26, Jan-Feb 2026 session | N35: =IF(M35="","Active (per Notice 1)",IF(M35<TODAY(),"Expired",IF(M35<TODAY()+180,"Expiring Soon","Active"))) -> Active (per Notice 1) | O35: No | P35: A+ | Q35: 3.34 | R35: 2 | S35: 45786 | T35: =IF(S35="","",IF(EDATE(S35,60)<TODAY(),"Expired",IF(EDATE(S35,60)<TODAY()+180,"Expiring Soon","Valid"))) -> Valid | U35: =IF(P35="","",IF(P35="A++","Top Tier",IF(P35="A+","High",IF(P35="A","Strong",IF(LEFT(P35,1)="B","Acceptable",IF(LEFT(P35,1)="C","Below Avg","-")))))) -> High
A36: 35 | B36: 5 | C36: Assam | D36: Private University | E36: Assam Down Town University | F36: Master of Business Administration | G36: MBA | H36: PG | I36: Online | J36: Yes | K36: Notice 1 (Jan 2026) | L36: AY 2025-26, Jan-Feb 2026 session | N36: =IF(M36="","Active (per Notice 1)",IF(M36<TODAY(),"Expired",IF(M36<TODAY()+180,"Expiring Soon","Active"))) -> Active (per Notice 1) | O36: No | P36: A+ | Q36: 3.34 | R36: 2 | S36: 45786 | T36: =IF(S36="","",IF(EDATE(S36,60)<TODAY(),"Expired",IF(EDATE(S36,60)<TODAY()+180,"Expiring Soon","Valid"))) -> Valid | U36: =IF(P36="","",IF(P36="A++","Top Tier",IF(P36="A+","High",IF(P36="A","Strong",IF(LEFT(P36,1)="B","Acceptable",IF(LEFT(P36,1)="C","Below Avg","-")))))) -> High
A37: 36 | B37: 6 | C37: Chhattisgarh | D37: Central University | E37: Guru Ghasidas Vishwavidyalaya | F37: Bachelor of Computer Applications | G37: BCA | H37: UG | I37: Online | J37: Yes | K37: Notice 1 (Jan 2026) | L37: AY 2025-26, Jan-Feb 2026 session | N37: =IF(M37="","Active (per Notice 1)",IF(M37<TODAY(),"Expired",IF(M37<TODAY()+180,"Expiring Soon","Active"))) -> Active (per Notice 1) | O37: No | P37: A++ | Q37: 3.62 | R37: 2 | S37: 45407 | T37: =IF(S37="","",IF(EDATE(S37,60)<TODAY(),"Expired",IF(EDATE(S37,60)<TODAY()+180,"Expiring Soon","Valid"))) -> Valid | U37: =IF(P37="","",IF(P37="A++","Top Tier",IF(P37="A+","High",IF(P37="A","Strong",IF(LEFT(P37,1)="B","Acceptable",IF(LEFT(P37,1)="C","Below Avg","-")))))) -> Top Tier | AH37: 47
A38: 37 | B38: 6 | C38: Chhattisgarh | D38: Central University | E38: Guru Ghasidas Vishwavidyalaya | F38: Bachelor of Commerce (Hons) | G38: B.Com | H38: UG | I38: Online | J38: Yes | K38: Notice 1 (Jan 2026) | L38: AY 2025-26, Jan-Feb 2026 session | N38: =IF(M38="","Active (per Notice 1)",IF(M38<TODAY(),"Expired",IF(M38<TODAY()+180,"Expiring Soon","Active"))) -> Active (per Notice 1) | O38: N/A | P38: A++ | Q38: 3.62 | R38: 2 | S38: 45407 | T38: =IF(S38="","",IF(EDATE(S38,60)<TODAY(),"Expired",IF(EDATE(S38,60)<TODAY()+180,"Expiring Soon","Valid"))) -> Valid | U38: =IF(P38="","",IF(P38="A++","Top Tier",IF(P38="A+","High",IF(P38="A","Strong",IF(LEFT(P38,1)="B","Acceptable",IF(LEFT(P38,1)="C","Below Avg","-")))))) -> Top Tier | AH38: 47
A39: 38 | B39: 6 | C39: Chhattisgarh | D39: Central University | E39: Guru Ghasidas Vishwavidyalaya | F39: Bachelor of Library & Information Sciences | G39: BLIS | H39: UG | I39: Online | J39: Yes | K39: Notice 1 (Jan 2026) | L39: AY 2025-26, Jan-Feb 2026 session | N39: =IF(M39="","Active (per Notice 1)",IF(M39<TODAY(),"Expired",IF(M39<TODAY()+180,"Expiring Soon","Active"))) -> Active (per Notice 1) | O39: N/A | P39: A++ | Q39: 3.62 | R39: 2 | S39: 45407 | T39: =IF(S39="","",IF(EDATE(S39,60)<TODAY(),"Expired",IF(EDATE(S39,60)<TODAY()+180,"Expiring Soon","Valid"))) -> Valid | U39: =IF(P39="","",IF(P39="A++","Top Tier",IF(P39="A+","High",IF(P39="A","Strong",IF(LEFT(P39,1)="B","Acceptable",IF(LEFT(P39,1)="C","Below Avg","-")))))) -> Top Tier | AH39: 47
A40: 39 | B40: 6 | C40: Chhattisgarh | D40: Central University | E40: Guru Ghasidas Vishwavidyalaya | F40: Master of Social Work | G40: MSW | H40: PG | I40: Online | J40: Yes | K40: Notice 1 (Jan 2026) | L40: AY 2025-26, Jan-Feb 2026 session | N40: =IF(M40="","Active (per Notice 1)",IF(M40<TODAY(),"Expired",IF(M40<TODAY()+180,"Expiring Soon","Active"))) -> Active (per Notice 1) | O40: N/A | P40: A++ | Q40: 3.62 | R40: 2 | S40: 45407 | T40: =IF(S40="","",IF(EDATE(S40,60)<TODAY(),"Expired",IF(EDATE(S40,60)<TODAY()+180,"Expiring Soon","Valid"))) -> Valid | U40: =IF(P40="","",IF(P40="A++","Top Tier",IF(P40="A+","High",IF(P40="A","Strong",IF(LEFT(P40,1)="B","Acceptable",IF(LEFT(P40,1)="C","Below Avg","-")))))) -> Top Tier | AH40: 47
A41: 40 | B41: 6 | C41: Chhattisgarh | D41: Central University | E41: Guru Ghasidas Vishwavidyalaya | F41: Master of Library & Information Sciences | G41: MLIS | H41: PG | I41: Online | J41: Yes | K41: Notice 1 (Jan 2026) | L41: AY 2025-26, Jan-Feb 2026 session | N41: =IF(M41="","Active (per Notice 1)",IF(M41<TODAY(),"Expired",IF(M41<TODAY()+180,"Expiring Soon","Active"))) -> Active (per Notice 1) | O41: N/A | P41: A++ | Q41: 3.62 | R41: 2 | S41: 45407 | T41: =IF(S41="","",IF(EDATE(S41,60)<TODAY(),"Expired",IF(EDATE(S41,60)<TODAY()+180,"Expiring Soon","Valid"))) -> Valid | U41: =IF(P41="","",IF(P41="A++","Top Tier",IF(P41="A+","High",IF(P41="A","Strong",IF(LEFT(P41,1)="B","Acceptable",IF(LEFT(P41,1)="C","Below Avg","-")))))) -> Top Tier | AH41: 47
A42: 41 | B42: 6 | C42: Chhattisgarh | D42: Central University | E42: Guru Ghasidas Vishwavidyalaya | F42: Master of Commerce | G42: M.Com | H42: PG | I42: Online | J42: Yes | K42: Notice 1 (Jan 2026) | L42: AY 2025-26, Jan-Feb 2026 session | N42: =IF(M42="","Active (per Notice 1)",IF(M42<TODAY(),"Expired",IF(M42<TODAY()+180,"Expiring Soon","Active"))) -> Active (per Notice 1) | O42: N/A | P42: A++ | Q42: 3.62 | R42: 2 | S42: 45407 | T42: =IF(S42="","",IF(EDATE(S42,60)<TODAY(),"Expired",IF(EDATE(S42,60)<TODAY()+180,"Expiring Soon","Valid"))) -> Valid | U42: =IF(P42="","",IF(P42="A++","Top Tier",IF(P42="A+","High",IF(P42="A","Strong",IF(LEFT(P42,1)="B","Acceptable",IF(LEFT(P42,1)="C","Below Avg","-")))))) -> Top Tier | AH42: 47
A43: 42 | B43: 6 | C43: Chhattisgarh | D43: Central University | E43: Guru Ghasidas Vishwavidyalaya | F43: Master of Arts (Political Science) | G43: MA | H43: PG | I43: Online | J43: Yes | K43: Notice 1 (Jan 2026) | L43: AY 2025-26, Jan-Feb 2026 session | N43: =IF(M43="","Active (per Notice 1)",IF(M43<TODAY(),"Expired",IF(M43<TODAY()+180,"Expiring Soon","Active"))) -> Active (per Notice 1) | O43: N/A | P43: A++ | Q43: 3.62 | R43: 2 | S43: 45407 | T43: =IF(S43="","",IF(EDATE(S43,60)<TODAY(),"Expired",IF(EDATE(S43,60)<TODAY()+180,"Expiring Soon","Valid"))) -> Valid | U43: =IF(P43="","",IF(P43="A++","Top Tier",IF(P43="A+","High",IF(P43="A","Strong",IF(LEFT(P43,1)="B","Acceptable",IF(LEFT(P43,1)="C","Below Avg","-")))))) -> Top Tier | AH43: 47
A44: 43 | B44: 6 | C44: Chhattisgarh | D44: Central University | E44: Guru Ghasidas Vishwavidyalaya | F44: Master of Arts (Economics) | G44: MA | H44: PG | I44: Online | J44: Yes | K44: Notice 1 (Jan 2026) | L44: AY 2025-26, Jan-Feb 2026 session | N44: =IF(M44="","Active (per Notice 1)",IF(M44<TODAY(),"Expired",IF(M44<TODAY()+180,"Expiring Soon","Active"))) -> Active (per Notice 1) | O44: N/A | P44: A++ | Q44: 3.62 | R44: 2 | S44: 45407 | T44: =IF(S44="","",IF(EDATE(S44,60)<TODAY(),"Expired",IF(EDATE(S44,60)<TODAY()+180,"Expiring Soon","Valid"))) -> Valid | U44: =IF(P44="","",IF(P44="A++","Top Tier",IF(P44="A+","High",IF(P44="A","Strong",IF(LEFT(P44,1)="B","Acceptable",IF(LEFT(P44,1)="C","Below Avg","-")))))) -> Top Tier | AH44: 47
A45: 44 | B45: 6 | C45: Chhattisgarh | D45: Central University | E45: Guru Ghasidas Vishwavidyalaya | F45: Master of Arts (History) | G45: MA | H45: PG | I45: Online | J45: Yes | K45: Notice 1 (Jan 2026) | L45: AY 2025-26, Jan-Feb 2026 session | N45: =IF(M45="","Active (per Notice 1)",IF(M45<TODAY(),"Expired",IF(M45<TODAY()+180,"Expiring Soon","Active"))) -> Active (per Notice 1) | O45: N/A | P45: A++ | Q45: 3.62 | R45: 2 | S45: 45407 | T45: =IF(S45="","",IF(EDATE(S45,60)<TODAY(),"Expired",IF(EDATE(S45,60)<TODAY()+180,"Expiring Soon","Valid"))) -> Valid | U45: =IF(P45="","",IF(P45="A++","Top Tier",IF(P45="A+","High",IF(P45="A","Strong",IF(LEFT(P45,1)="B","Acceptable",IF(LEFT(P45,1)="C","Below Avg","-")))))) -> Top Tier | AH45: 47
A46: 45 | B46: 6 | C46: Chhattisgarh | D46: Central University | E46: Guru Ghasidas Vishwavidyalaya | F46: Master of Arts (Journalism & Mass Communication) | G46: MA | H46: PG | I46: Online | J46: Yes | K46: Notice 1 (Jan 2026) | L46: AY 2025-26, Jan-Feb 2026 session | N46: =IF(M46="","Active (per Notice 1)",IF(M46<TODAY(),"Expired",IF(M46<TODAY()+180,"Expiring Soon","Active"))) -> Active (per Notice 1) | O46: N/A | P46: A++ | Q46: 3.62 | R46: 2 | S46: 45407 | T46: =IF(S46="","",IF(EDATE(S46,60)<TODAY(),"Expired",IF(EDATE(S46,60)<TODAY()+180,"Expiring Soon","Valid"))) -> Valid | U46: =IF(P46="","",IF(P46="A++","Top Tier",IF(P46="A+","High",IF(P46="A","Strong",IF(LEFT(P46,1)="B","Acceptable",IF(LEFT(P46,1)="C","Below Avg","-")))))) -> Top Tier | AH46: 47
A47: 46 | B47: 6 | C47: Chhattisgarh | D47: Central University | E47: Guru Ghasidas Vishwavidyalaya | F47: Master of Arts (English Literature) | G47: MA | H47: PG | I47: Online | J47: Yes | K47: Notice 1 (Jan 2026) | L47: AY 2025-26, Jan-Feb 2026 session | N47: =IF(M47="","Active (per Notice 1)",IF(M47<TODAY(),"Expired",IF(M47<TODAY()+180,"Expiring Soon","Active"))) -> Active (per Notice 1) | O47: N/A | P47: A++ | Q47: 3.62 | R47: 2 | S47: 45407 | T47: =IF(S47="","",IF(EDATE(S47,60)<TODAY(),"Expired",IF(EDATE(S47,60)<TODAY()+180,"Expiring Soon","Valid"))) -> Valid | U47: =IF(P47="","",IF(P47="A++","Top Tier",IF(P47="A+","High",IF(P47="A","Strong",IF(LEFT(P47,1)="B","Acceptable",IF(LEFT(P47,1)="C","Below Avg","-")))))) -> Top Tier | AH47: 47
A48: 47 | B48: 6 | C48: Chhattisgarh | D48: Central University | E48: Guru Ghasidas Vishwavidyalaya | F48: Master of Business Administration (General) | G48: MBA | H48: PG | I48: Online | J48: Yes | K48: Notice 1 (Jan 2026) | L48: AY 2025-26, Jan-Feb 2026 session | N48: =IF(M48="","Active (per Notice 1)",IF(M48<TODAY(),"Expired",IF(M48<TODAY()+180,"Expiring Soon","Active"))) -> Active (per Notice 1) | O48: No | P48: A++ | Q48: 3.62 | R48: 2 | S48: 45407 | T48: =IF(S48="","",IF(EDATE(S48,60)<TODAY(),"Expired",IF(EDATE(S48,60)<TODAY()+180,"Expiring Soon","Valid"))) -> Valid | U48: =IF(P48="","",IF(P48="A++","Top Tier",IF(P48="A+","High",IF(P48="A","Strong",IF(LEFT(P48,1)="B","Acceptable",IF(LEFT(P48,1)="C","Below Avg","-")))))) -> Top Tier | AH48: 47
A49: 48 | B49: 6 | C49: Chhattisgarh | D49: Central University | E49: Guru Ghasidas Vishwavidyalaya | F49: Master of Computer Applications | G49: MCA | H49: PG | I49: Online | J49: Yes | K49: Notice 1 (Jan 2026) | L49: AY 2025-26, Jan-Feb 2026 session | N49: =IF(M49="","Active (per Notice 1)",IF(M49<TODAY(),"Expired",IF(M49<TODAY()+180,"Expiring Soon","Active"))) -> Active (per Notice 1) | O49: No | P49: A++ | Q49: 3.62 | R49: 2 | S49: 45407 | T49: =IF(S49="","",IF(EDATE(S49,60)<TODAY(),"Expired",IF(EDATE(S49,60)<TODAY()+180,"Expiring Soon","Valid"))) -> Valid | U49: =IF(P49="","",IF(P49="A++","Top Tier",IF(P49="A+","High",IF(P49="A","Strong",IF(LEFT(P49,1)="B","Acceptable",IF(LEFT(P49,1)="C","Below Avg","-")))))) -> Top Tier | AH49: 47
A50: 49 | B50: 7 | C50: Chhattisgarh | D50: Private University | E50: MATS University | F50: Bachelor of Commerce | G50: B.Com | H50: UG | I50: Online | J50: Yes | K50: Notice 1 (Jan 2026) | L50: AY 2025-26, Jan-Feb 2026 session | N50: =IF(M50="","Active (per Notice 1)",IF(M50<TODAY(),"Expired",IF(M50<TODAY()+180,"Expiring Soon","Active"))) -> Active (per Notice 1) | O50: N/A | P50: A+ | Q50: 3.3 | R50: 2 | S50: 45687 | T50: =IF(S50="","",IF(EDATE(S50,60)<TODAY(),"Expired",IF(EDATE(S50,60)<TODAY()+180,"Expiring Soon","Valid"))) -> Valid | U50: =IF(P50="","",IF(P50="A++","Top Tier",IF(P50="A+","High",IF(P50="A","Strong",IF(LEFT(P50,1)="B","Acceptable",IF(LEFT(P50,1)="C","Below Avg","-")))))) -> High
A51: 50 | B51: 7 | C51: Chhattisgarh | D51: Private University | E51: MATS University | F51: Bachelor of Business Administration | G51: BBA | H51: UG | I51: Online | J51: Yes | K51: Notice 1 (Jan 2026) | L51: AY 2025-26, Jan-Feb 2026 session | N51: =IF(M51="","Active (per Notice 1)",IF(M51<TODAY(),"Expired",IF(M51<TODAY()+180,"Expiring Soon","Active"))) -> Active (per Notice 1) | O51: No | P51: A+ | Q51: 3.3 | R51: 2 | S51: 45687 | T51: =IF(S51="","",IF(EDATE(S51,60)<TODAY(),"Expired",IF(EDATE(S51,60)<TODAY()+180,"Expiring Soon","Valid"))) -> Valid | U51: =IF(P51="","",IF(P51="A++","Top Tier",IF(P51="A+","High",IF(P51="A","Strong",IF(LEFT(P51,1)="B","Acceptable",IF(LEFT(P51,1)="C","Below Avg","-")))))) -> High
A52: 51 | B52: 7 | C52: Chhattisgarh | D52: Private University | E52: MATS University | F52: Bachelor of Computer Applications | G52: BCA | H52: UG | I52: Online | J52: Yes | K52: Notice 1 (Jan 2026) | L52: AY 2025-26, Jan-Feb 2026 session | N52: =IF(M52="","Active (per Notice 1)",IF(M52<TODAY(),"Expired",IF(M52<TODAY()+180,"Expiring Soon","Active"))) -> Active (per Notice 1) | O52: No | P52: A+ | Q52: 3.3 | R52: 2 | S52: 45687 | T52: =IF(S52="","",IF(EDATE(S52,60)<TODAY(),"Expired",IF(EDATE(S52,60)<TODAY()+180,"Expiring Soon","Valid"))) -> Valid | U52: =IF(P52="","",IF(P52="A++","Top Tier",IF(P52="A+","High",IF(P52="A","Strong",IF(LEFT(P52,1)="B","Acceptable",IF(LEFT(P52,1)="C","Below Avg","-")))))) -> High
A53: 52 | B53: 7 | C53: Chhattisgarh | D53: Private University | E53: MATS University | F53: Master of Business Administration | G53: MBA | H53: PG | I53: Online | J53: Yes | K53: Notice 1 (Jan 2026) | L53: AY 2025-26, Jan-Feb 2026 session | N53: =IF(M53="","Active (per Notice 1)",IF(M53<TODAY(),"Expired",IF(M53<TODAY()+180,"Expiring Soon","Active"))) -> Active (per Notice 1) | O53: No | P53: A+ | Q53: 3.3 | R53: 2 | S53: 45687 | T53: =IF(S53="","",IF(EDATE(S53,60)<TODAY(),"Expired",IF(EDATE(S53,60)<TODAY()+180,"Expiring Soon","Valid"))) -> Valid | U53: =IF(P53="","",IF(P53="A++","Top Tier",IF(P53="A+","High",IF(P53="A","Strong",IF(LEFT(P53,1)="B","Acceptable",IF(LEFT(P53,1)="C","Below Avg","-")))))) -> High
A54: 53 | B54: 7 | C54: Chhattisgarh | D54: Private University | E54: MATS University | F54: Master of Computer Applications | G54: MCA | H54: PG | I54: Online | J54: Yes | K54: Notice 1 (Jan 2026) | L54: AY 2025-26, Jan-Feb 2026 session | N54: =IF(M54="","Active (per Notice 1)",IF(M54<TODAY(),"Expired",IF(M54<TODAY()+180,"Expiring Soon","Active"))) -> Active (per Notice 1) | O54: No | P54: A+ | Q54: 3.3 | R54: 2 | S54: 45687 | T54: =IF(S54="","",IF(EDATE(S54,60)<TODAY(),"Expired",IF(EDATE(S54,60)<TODAY()+180,"Expiring Soon","Valid"))) -> Valid | U54: =IF(P54="","",IF(P54="A++","Top Tier",IF(P54="A+","High",IF(P54="A","Strong",IF(LEFT(P54,1)="B","Acceptable",IF(LEFT(P54,1)="C","Below Avg","-")))))) -> High
A55: 54 | B55: 8 | C55: Delhi | D55: Deemed-to-be University | E55: Jamia Hamdard | F55: Bachelor of Commerce (Hons) (Accountancy) | G55: B.Com | H55: UG | I55: Online | J55: Yes | K55: Notice 1 (Jan 2026) | L55: AY 2025-26, Jan-Feb 2026 session | N55: =IF(M55="","Active (per Notice 1)",IF(M55<TODAY(),"Expired",IF(M55<TODAY()+180,"Expiring Soon","Active"))) -> Active (per Notice 1) | O55: N/A | P55: A+ | Q55: 3.41 | R55: 4 | S55: 45275 | T55: =IF(S55="","",IF(EDATE(S55,60)<TODAY(),"Expired",IF(EDATE(S55,60)<TODAY()+180,"Expiring Soon","Valid"))) -> Valid | U55: =IF(P55="","",IF(P55="A++","Top Tier",IF(P55="A+","High",IF(P55="A","Strong",IF(LEFT(P55,1)="B","Acceptable",IF(LEFT(P55,1)="C","Below Avg","-")))))) -> High | AC55: 74 | AD55: 47 | AG55: 87 | AH55: 1 | AI55: 40
A56: 55 | B56: 8 | C56: Delhi | D56: Deemed-to-be University | E56: Jamia Hamdard | F56: Bachelor of Business Administration | G56: BBA | H56: UG | I56: Online | J56: Yes | K56: Notice 1 (Jan 2026) | L56: AY 2025-26, Jan-Feb 2026 session | N56: =IF(M56="","Active (per Notice 1)",IF(M56<TODAY(),"Expired",IF(M56<TODAY()+180,"Expiring Soon","Active"))) -> Active (per Notice 1) | O56: Yes | P56: A+ | Q56: 3.41 | R56: 4 | S56: 45275 | T56: =IF(S56="","",IF(EDATE(S56,60)<TODAY(),"Expired",IF(EDATE(S56,60)<TODAY()+180,"Expiring Soon","Valid"))) -> Valid | U56: =IF(P56="","",IF(P56="A++","Top Tier",IF(P56="A+","High",IF(P56="A","Strong",IF(LEFT(P56,1)="B","Acceptable",IF(LEFT(P56,1)="C","Below Avg","-")))))) -> High | AC56: 74 | AD56: 47 | AG56: 87 | AH56: 1 | AI56: 40
A57: 56 | B57: 8 | C57: Delhi | D57: Deemed-to-be University | E57: Jamia Hamdard | F57: Bachelor of Computer Applications | G57: BCA | H57: UG | I57: Online | J57: Yes | K57: Notice 1 (Jan 2026) | L57: AY 2025-26, Jan-Feb 2026 session | N57: =IF(M57="","Active (per Notice 1)",IF(M57<TODAY(),"Expired",IF(M57<TODAY()+180,"Expiring Soon","Active"))) -> Active (per Notice 1) | O57: Yes | P57: A+ | Q57: 3.41 | R57: 4 | S57: 45275 | T57: =IF(S57="","",IF(EDATE(S57,60)<TODAY(),"Expired",IF(EDATE(S57,60)<TODAY()+180,"Expiring Soon","Valid"))) -> Valid | U57: =IF(P57="","",IF(P57="A++","Top Tier",IF(P57="A+","High",IF(P57="A","Strong",IF(LEFT(P57,1)="B","Acceptable",IF(LEFT(P57,1)="C","Below Avg","-")))))) -> High | AC57: 74 | AD57: 47 | AG57: 87 | AH57: 1 | AI57: 40
A58: 57 | B58: 8 | C58: Delhi | D58: Deemed-to-be University | E58: Jamia Hamdard | F58: Master of Arts (Human Rights) | G58: MA | H58: PG | I58: Online | J58: Yes | K58: Notice 1 (Jan 2026) | L58: AY 2025-26, Jan-Feb 2026 session | N58: =IF(M58="","Active (per Notice 1)",IF(M58<TODAY(),"Expired",IF(M58<TODAY()+180,"Expiring Soon","Active"))) -> Active (per Notice 1) | O58: N/A | P58: A+ | Q58: 3.41 | R58: 4 | S58: 45275 | T58: =IF(S58="","",IF(EDATE(S58,60)<TODAY(),"Expired",IF(EDATE(S58,60)<TODAY()+180,"Expiring Soon","Valid"))) -> Valid | U58: =IF(P58="","",IF(P58="A++","Top Tier",IF(P58="A+","High",IF(P58="A","Strong",IF(LEFT(P58,1)="B","Acceptable",IF(LEFT(P58,1)="C","Below Avg","-")))))) -> High | AC58: 74 | AD58: 47 | AG58: 87 | AH58: 1 | AI58: 40
A59: 58 | B59: 8 | C59: Delhi | D59: Deemed-to-be University | E59: Jamia Hamdard | F59: Master of Arts (Islamic Studies) | G59: MA | H59: PG | I59: Online | J59: Yes | K59: Notice 1 (Jan 2026) | L59: AY 2025-26, Jan-Feb 2026 session | N59: =IF(M59="","Active (per Notice 1)",IF(M59<TODAY(),"Expired",IF(M59<TODAY()+180,"Expiring Soon","Active"))) -> Active (per Notice 1) | O59: N/A | P59: A+ | Q59: 3.41 | R59: 4 | S59: 45275 | T59: =IF(S59="","",IF(EDATE(S59,60)<TODAY(),"Expired",IF(EDATE(S59,60)<TODAY()+180,"Expiring Soon","Valid"))) -> Valid | U59: =IF(P59="","",IF(P59="A++","Top Tier",IF(P59="A+","High",IF(P59="A","Strong",IF(LEFT(P59,1)="B","Acceptable",IF(LEFT(P59,1)="C","Below Avg","-")))))) -> High | AC59: 74 | AD59: 47 | AG59: 87 | AH59: 1 | AI59: 40
A60: 59 | B60: 8 | C60: Delhi | D60: Deemed-to-be University | E60: Jamia Hamdard | F60: Master of Arts (Political Science) | G60: MA | H60: PG | I60: Online | J60: Yes | K60: Notice 1 (Jan 2026) | L60: AY 2025-26, Jan-Feb 2026 session | N60: =IF(M60="","Active (per Notice 1)",IF(M60<TODAY(),"Expired",IF(M60<TODAY()+180,"Expiring Soon","Active"))) -> Active (per Notice 1) | O60: N/A | P60: A+ | Q60: 3.41 | R60: 4 | S60: 45275 | T60: =IF(S60="","",IF(EDATE(S60,60)<TODAY(),"Expired",IF(EDATE(S60,60)<TODAY()+180,"Expiring Soon","Valid"))) -> Valid | U60: =IF(P60="","",IF(P60="A++","Top Tier",IF(P60="A+","High",IF(P60="A","Strong",IF(LEFT(P60,1)="B","Acceptable",IF(LEFT(P60,1)="C","Below Avg","-")))))) -> High | AC60: 74 | AD60: 47 | AG60: 87 | AH60: 1 | AI60: 40
A61: 60 | B61: 8 | C61: Delhi | D61: Deemed-to-be University | E61: Jamia Hamdard | F61: Master of Computer Applications | G61: MCA | H61: PG | I61: Online | J61: Yes | K61: Notice 1 (Jan 2026) | L61: AY 2025-26, Jan-Feb 2026 session | N61: =IF(M61="","Active (per Notice 1)",IF(M61<TODAY(),"Expired",IF(M61<TODAY()+180,"Expiring Soon","Active"))) -> Active (per Notice 1) | O61: Yes | P61: A+ | Q61: 3.41 | R61: 4 | S61: 45275 | T61: =IF(S61="","",IF(EDATE(S61,60)<TODAY(),"Expired",IF(EDATE(S61,60)<TODAY()+180,"Expiring Soon","Valid"))) -> Valid | U61: =IF(P61="","",IF(P61="A++","Top Tier",IF(P61="A+","High",IF(P61="A","Strong",IF(LEFT(P61,1)="B","Acceptable",IF(LEFT(P61,1)="C","Below Avg","-")))))) -> High | AC61: 74 | AD61: 47 | AG61: 87 | AH61: 1 | AI61: 40
A62: 61 | B62: 8 | C62: Delhi | D62: Deemed-to-be University | E62: Jamia Hamdard | F62: Master of Business Administration | G62: MBA | H62: PG | I62: Online | J62: Yes | K62: Notice 1 (Jan 2026) | L62: AY 2025-26, Jan-Feb 2026 session | N62: =IF(M62="","Active (per Notice 1)",IF(M62<TODAY(),"Expired",IF(M62<TODAY()+180,"Expiring Soon","Active"))) -> Active (per Notice 1) | O62: Yes | P62: A+ | Q62: 3.41 | R62: 4 | S62: 45275 | T62: =IF(S62="","",IF(EDATE(S62,60)<TODAY(),"Expired",IF(EDATE(S62,60)<TODAY()+180,"Expiring Soon","Valid"))) -> Valid | U62: =IF(P62="","",IF(P62="A++","Top Tier",IF(P62="A+","High",IF(P62="A","Strong",IF(LEFT(P62,1)="B","Acceptable",IF(LEFT(P62,1)="C","Below Avg","-")))))) -> High | AC62: 74 | AD62: 47 | AG62: 87 | AH62: 1 | AI62: 40
A63: 62 | B63: 9 | C63: Delhi | D63: Central University | E63: Jamia Millia Islamia University | F63: Bachelor of Business Administration (Finance and Accounts) | G63: BBA | H63: UG | I63: Online | J63: Yes | K63: Notice 1 (Jan 2026) | L63: AY 2025-26, Jan-Feb 2026 session | N63: =IF(M63="","Active (per Notice 1)",IF(M63<TODAY(),"Expired",IF(M63<TODAY()+180,"Expiring Soon","Active"))) -> Active (per Notice 1) | O63: No | P63: A++ | Q63: 3.61 | R63: 2 | S63: 44544 | T63: =IF(S63="","",IF(EDATE(S63,60)<TODAY(),"Expired",IF(EDATE(S63,60)<TODAY()+180,"Expiring Soon","Valid"))) -> Valid | U63: =IF(P63="","",IF(P63="A++","Top Tier",IF(P63="A+","High",IF(P63="A","Strong",IF(LEFT(P63,1)="B","Acceptable",IF(LEFT(P63,1)="C","Below Avg","-")))))) -> Top Tier | Y63: 7 | Z63: 45838 | AA63: Mixed | AB63: Engg | AC63: 13 | AD63: 4 | AE63: 20 | AF63: 24 | AG63: 28 | AJ63: 17 | AK63: 8 | AL63: 5 | AR63: 3
A64: 63 | B64: 9 | C64: Delhi | D64: Central University | E64: Jamia Millia Islamia University | F64: Bachelor of Arts (General) | G64: BA | H64: UG | I64: Online | J64: Yes | K64: Notice 1 (Jan 2026) | L64: AY 2025-26, Jan-Feb 2026 session | N64: =IF(M64="","Active (per Notice 1)",IF(M64<TODAY(),"Expired",IF(M64<TODAY()+180,"Expiring Soon","Active"))) -> Active (per Notice 1) | O64: N/A | P64: A++ | Q64: 3.61 | R64: 2 | S64: 44544 | T64: =IF(S64="","",IF(EDATE(S64,60)<TODAY(),"Expired",IF(EDATE(S64,60)<TODAY()+180,"Expiring Soon","Valid"))) -> Valid | U64: =IF(P64="","",IF(P64="A++","Top Tier",IF(P64="A+","High",IF(P64="A","Strong",IF(LEFT(P64,1)="B","Acceptable",IF(LEFT(P64,1)="C","Below Avg","-")))))) -> Top Tier | Y64: 7 | Z64: 45838 | AA64: Mixed | AB64: Engg | AC64: 13 | AD64: 4 | AE64: 20 | AF64: 24 | AG64: 28 | AJ64: 17 | AK64: 8 | AL64: 5 | AR64: 3
A65: 64 | B65: 9 | C65: Delhi | D65: Central University | E65: Jamia Millia Islamia University | F65: Bachelor of Commerce (General) | G65: B.Com | H65: UG | I65: Online | J65: Yes | K65: Notice 1 (Jan 2026) | L65: AY 2025-26, Jan-Feb 2026 session | N65: =IF(M65="","Active (per Notice 1)",IF(M65<TODAY(),"Expired",IF(M65<TODAY()+180,"Expiring Soon","Active"))) -> Active (per Notice 1) | O65: N/A | P65: A++ | Q65: 3.61 | R65: 2 | S65: 44544 | T65: =IF(S65="","",IF(EDATE(S65,60)<TODAY(),"Expired",IF(EDATE(S65,60)<TODAY()+180,"Expiring Soon","Valid"))) -> Valid | U65: =IF(P65="","",IF(P65="A++","Top Tier",IF(P65="A+","High",IF(P65="A","Strong",IF(LEFT(P65,1)="B","Acceptable",IF(LEFT(P65,1)="C","Below Avg","-")))))) -> Top Tier | Y65: 7 | Z65: 45838 | AA65: Mixed | AB65: Engg | AC65: 13 | AD65: 4 | AE65: 20 | AF65: 24 | AG65: 28 | AJ65: 17 | AK65: 8 | AL65: 5 | AR65: 3
A66: 65 | B66: 9 | C66: Delhi | D66: Central University | E66: Jamia Millia Islamia University | F66: Master of Arts (Education) | G66: MA | H66: PG | I66: Online | J66: Yes | K66: Notice 1 (Jan 2026) | L66: AY 2025-26, Jan-Feb 2026 session | N66: =IF(M66="","Active (per Notice 1)",IF(M66<TODAY(),"Expired",IF(M66<TODAY()+180,"Expiring Soon","Active"))) -> Active (per Notice 1) | O66: N/A | P66: A++ | Q66: 3.61 | R66: 2 | S66: 44544 | T66: =IF(S66="","",IF(EDATE(S66,60)<TODAY(),"Expired",IF(EDATE(S66,60)<TODAY()+180,"Expiring Soon","Valid"))) -> Valid | U66: =IF(P66="","",IF(P66="A++","Top Tier",IF(P66="A+","High",IF(P66="A","Strong",IF(LEFT(P66,1)="B","Acceptable",IF(LEFT(P66,1)="C","Below Avg","-")))))) -> Top Tier | Y66: 7 | Z66: 45838 | AA66: Mixed | AB66: Engg | AC66: 13 | AD66: 4 | AE66: 20 | AF66: 24 | AG66: 28 | AJ66: 17 | AK66: 8 | AL66: 5 | AR66: 3
A67: 66 | B67: 9 | C67: Delhi | D67: Central University | E67: Jamia Millia Islamia University | F67: Master of Arts (Public Administration) | G67: MA | H67: PG | I67: Online | J67: Yes | K67: Notice 1 (Jan 2026) | L67: AY 2025-26, Jan-Feb 2026 session | N67: =IF(M67="","Active (per Notice 1)",IF(M67<TODAY(),"Expired",IF(M67<TODAY()+180,"Expiring Soon","Active"))) -> Active (per Notice 1) | O67: N/A | P67: A++ | Q67: 3.61 | R67: 2 | S67: 44544 | T67: =IF(S67="","",IF(EDATE(S67,60)<TODAY(),"Expired",IF(EDATE(S67,60)<TODAY()+180,"Expiring Soon","Valid"))) -> Valid | U67: =IF(P67="","",IF(P67="A++","Top Tier",IF(P67="A+","High",IF(P67="A","Strong",IF(LEFT(P67,1)="B","Acceptable",IF(LEFT(P67,1)="C","Below Avg","-")))))) -> Top Tier | Y67: 7 | Z67: 45838 | AA67: Mixed | AB67: Engg | AC67: 13 | AD67: 4 | AE67: 20 | AF67: 24 | AG67: 28 | AJ67: 17 | AK67: 8 | AL67: 5 | AR67: 3
A68: 67 | B68: 9 | C68: Delhi | D68: Central University | E68: Jamia Millia Islamia University | F68: Master of Arts (English) | G68: MA | H68: PG | I68: Online | J68: Yes | K68: Notice 1 (Jan 2026) | L68: AY 2025-26, Jan-Feb 2026 session | N68: =IF(M68="","Active (per Notice 1)",IF(M68<TODAY(),"Expired",IF(M68<TODAY()+180,"Expiring Soon","Active"))) -> Active (per Notice 1) | O68: N/A | P68: A++ | Q68: 3.61 | R68: 2 | S68: 44544 | T68: =IF(S68="","",IF(EDATE(S68,60)<TODAY(),"Expired",IF(EDATE(S68,60)<TODAY()+180,"Expiring Soon","Valid"))) -> Valid | U68: =IF(P68="","",IF(P68="A++","Top Tier",IF(P68="A+","High",IF(P68="A","Strong",IF(LEFT(P68,1)="B","Acceptable",IF(LEFT(P68,1)="C","Below Avg","-")))))) -> Top Tier | Y68: 7 | Z68: 45838 | AA68: Mixed | AB68: Engg | AC68: 13 | AD68: 4 | AE68: 20 | AF68: 24 | AG68: 28 | AJ68: 17 | AK68: 8 | AL68: 5 | AR68: 3
A69: 68 | B69: 9 | C69: Delhi | D69: Central University | E69: Jamia Millia Islamia University | F69: Master of Arts (Hindi) | G69: MA | H69: PG | I69: Online | J69: Yes | K69: Notice 1 (Jan 2026) | L69: AY 2025-26, Jan-Feb 2026 session | N69: =IF(M69="","Active (per Notice 1)",IF(M69<TODAY(),"Expired",IF(M69<TODAY()+180,"Expiring Soon","Active"))) -> Active (per Notice 1) | O69: N/A | P69: A++ | Q69: 3.61 | R69: 2 | S69: 44544 | T69: =IF(S69="","",IF(EDATE(S69,60)<TODAY(),"Expired",IF(EDATE(S69,60)<TODAY()+180,"Expiring Soon","Valid"))) -> Valid | U69: =IF(P69="","",IF(P69="A++","Top Tier",IF(P69="A+","High",IF(P69="A","Strong",IF(LEFT(P69,1)="B","Acceptable",IF(LEFT(P69,1)="C","Below Avg","-")))))) -> Top Tier | Y69: 7 | Z69: 45838 | AA69: Mixed | AB69: Engg | AC69: 13 | AD69: 4 | AE69: 20 | AF69: 24 | AG69: 28 | AJ69: 17 | AK69: 8 | AL69: 5 | AR69: 3
A70: 69 | B70: 9 | C70: Delhi | D70: Central University | E70: Jamia Millia Islamia University | F70: Master of Arts (History) | G70: MA | H70: PG | I70: Online | J70: Yes | K70: Notice 1 (Jan 2026) | L70: AY 2025-26, Jan-Feb 2026 session | N70: =IF(M70="","Active (per Notice 1)",IF(M70<TODAY(),"Expired",IF(M70<TODAY()+180,"Expiring Soon","Active"))) -> Active (per Notice 1) | O70: N/A | P70: A++ | Q70: 3.61 | R70: 2 | S70: 44544 | T70: =IF(S70="","",IF(EDATE(S70,60)<TODAY(),"Expired",IF(EDATE(S70,60)<TODAY()+180,"Expiring Soon","Valid"))) -> Valid | U70: =IF(P70="","",IF(P70="A++","Top Tier",IF(P70="A+","High",IF(P70="A","Strong",IF(LEFT(P70,1)="B","Acceptable",IF(LEFT(P70,1)="C","Below Avg","-")))))) -> Top Tier | Y70: 7 | Z70: 45838 | AA70: Mixed | AB70: Engg | AC70: 13 | AD70: 4 | AE70: 20 | AF70: 24 | AG70: 28 | AJ70: 17 | AK70: 8 | AL70: 5 | AR70: 3
A71: 70 | B71: 9 | C71: Delhi | D71: Central University | E71: Jamia Millia Islamia University | F71: Master of Arts (Urdu) | G71: MA | H71: PG | I71: Online | J71: Yes | K71: Notice 1 (Jan 2026) | L71: AY 2025-26, Jan-Feb 2026 session | N71: =IF(M71="","Active (per Notice 1)",IF(M71<TODAY(),"Expired",IF(M71<TODAY()+180,"Expiring Soon","Active"))) -> Active (per Notice 1) | O71: N/A | P71: A++ | Q71: 3.61 | R71: 2 | S71: 44544 | T71: =IF(S71="","",IF(EDATE(S71,60)<TODAY(),"Expired",IF(EDATE(S71,60)<TODAY()+180,"Expiring Soon","Valid"))) -> Valid | U71: =IF(P71="","",IF(P71="A++","Top Tier",IF(P71="A+","High",IF(P71="A","Strong",IF(LEFT(P71,1)="B","Acceptable",IF(LEFT(P71,1)="C","Below Avg","-")))))) -> Top Tier | Y71: 7 | Z71: 45838 | AA71: Mixed | AB71: Engg | AC71: 13 | AD71: 4 | AE71: 20 | AF71: 24 | AG71: 28 | AJ71: 17 | AK71: 8 | AL71: 5 | AR71: 3
A72: 71 | B72: 9 | C72: Delhi | D72: Central University | E72: Jamia Millia Islamia University | F72: Master of Arts (Political Science) | G72: MA | H72: PG | I72: Online | J72: Yes | K72: Notice 1 (Jan 2026) | L72: AY 2025-26, Jan-Feb 2026 session | N72: =IF(M72="","Active (per Notice 1)",IF(M72<TODAY(),"Expired",IF(M72<TODAY()+180,"Expiring Soon","Active"))) -> Active (per Notice 1) | O72: N/A | P72: A++ | Q72: 3.61 | R72: 2 | S72: 44544 | T72: =IF(S72="","",IF(EDATE(S72,60)<TODAY(),"Expired",IF(EDATE(S72,60)<TODAY()+180,"Expiring Soon","Valid"))) -> Valid | U72: =IF(P72="","",IF(P72="A++","Top Tier",IF(P72="A+","High",IF(P72="A","Strong",IF(LEFT(P72,1)="B","Acceptable",IF(LEFT(P72,1)="C","Below Avg","-")))))) -> Top Tier | Y72: 7 | Z72: 45838 | AA72: Mixed | AB72: Engg | AC72: 13 | AD72: 4 | AE72: 20 | AF72: 24 | AG72: 28 | AJ72: 17 | AK72: 8 | AL72: 5 | AR72: 3
A73: 72 | B73: 9 | C73: Delhi | D73: Central University | E73: Jamia Millia Islamia University | F73: Master of Arts (Sociology) | G73: MA | H73: PG | I73: Online | J73: Yes | K73: Notice 1 (Jan 2026) | L73: AY 2025-26, Jan-Feb 2026 session | N73: =IF(M73="","Active (per Notice 1)",IF(M73<TODAY(),"Expired",IF(M73<TODAY()+180,"Expiring Soon","Active"))) -> Active (per Notice 1) | O73: N/A | P73: A++ | Q73: 3.61 | R73: 2 | S73: 44544 | T73: =IF(S73="","",IF(EDATE(S73,60)<TODAY(),"Expired",IF(EDATE(S73,60)<TODAY()+180,"Expiring Soon","Valid"))) -> Valid | U73: =IF(P73="","",IF(P73="A++","Top Tier",IF(P73="A+","High",IF(P73="A","Strong",IF(LEFT(P73,1)="B","Acceptable",IF(LEFT(P73,1)="C","Below Avg","-")))))) -> Top Tier | Y73: 7 | Z73: 45838 | AA73: Mixed | AB73: Engg | AC73: 13 | AD73: 4 | AE73: 20 | AF73: 24 | AG73: 28 | AJ73: 17 | AK73: 8 | AL73: 5 | AR73: 3
A74: 73 | B74: 9 | C74: Delhi | D74: Central University | E74: Jamia Millia Islamia University | F74: Master of Commerce (General) | G74: M.Com | H74: PG | I74: Online | J74: Yes | K74: Notice 1 (Jan 2026) | L74: AY 2025-26, Jan-Feb 2026 session | N74: =IF(M74="","Active (per Notice 1)",IF(M74<TODAY(),"Expired",IF(M74<TODAY()+180,"Expiring Soon","Active"))) -> Active (per Notice 1) | O74: N/A | P74: A++ | Q74: 3.61 | R74: 2 | S74: 44544 | T74: =IF(S74="","",IF(EDATE(S74,60)<TODAY(),"Expired",IF(EDATE(S74,60)<TODAY()+180,"Expiring Soon","Valid"))) -> Valid | U74: =IF(P74="","",IF(P74="A++","Top Tier",IF(P74="A+","High",IF(P74="A","Strong",IF(LEFT(P74,1)="B","Acceptable",IF(LEFT(P74,1)="C","Below Avg","-")))))) -> Top Tier | Y74: 7 | Z74: 45838 | AA74: Mixed | AB74: Engg | AC74: 13 | AD74: 4 | AE74: 20 | AF74: 24 | AG74: 28 | AJ74: 17 | AK74: 8 | AL74: 5 | AR74: 3
A75: 74 | B75: 10 | C75: Delhi | D75: Central University | E75: Jawaharlal Nehru University | F75: Master of Arts (Sanskrit) | G75: MA | H75: PG | I75: Online | J75: Yes | K75: Notice 1 (Jan 2026) | L75: AY 2025-26, Jan-Feb 2026 session | N75: =IF(M75="","Active (per Notice 1)",IF(M75<TODAY(),"Expired",IF(M75<TODAY()+180,"Expiring Soon","Active"))) -> Active (per Notice 1) | O75: N/A | P75: A++ | Q75: 3.62 | R75: 3 | S75: 45540 | T75: =IF(S75="","",IF(EDATE(S75,60)<TODAY(),"Expired",IF(EDATE(S75,60)<TODAY()+180,"Expiring Soon","Valid"))) -> Valid | U75: =IF(P75="","",IF(P75="A++","Top Tier",IF(P75="A+","High",IF(P75="A","Strong",IF(LEFT(P75,1)="B","Acceptable",IF(LEFT(P75,1)="C","Below Avg","-")))))) -> Top Tier | AC75: 9 | AD75: 2 | AE75: 21 | AR75: 7
A76: 75 | B76: 11 | C76: Delhi | D76: Central University | E76: Central Sanskrit University | F76: Shastri (Vyakarana Shastram) | G76: Shastri (UG) | H76: UG | I76: Online | J76: Yes | K76: Notice 1 (Jan 2026) | L76: AY 2025-26, Jan-Feb 2026 session | N76: =IF(M76="","Active (per Notice 1)",IF(M76<TODAY(),"Expired",IF(M76<TODAY()+180,"Expiring Soon","Active"))) -> Active (per Notice 1) | O76: N/A | P76: A++ | Q76: 3.6 | R76: 2 | S76: 45065 | T76: =IF(S76="","",IF(EDATE(S76,60)<TODAY(),"Expired",IF(EDATE(S76,60)<TODAY()+180,"Expiring Soon","Valid"))) -> Valid | U76: =IF(P76="","",IF(P76="A++","Top Tier",IF(P76="A+","High",IF(P76="A","Strong",IF(LEFT(P76,1)="B","Acceptable",IF(LEFT(P76,1)="C","Below Avg","-")))))) -> Top Tier
A77: 76 | B77: 11 | C77: Delhi | D77: Central University | E77: Central Sanskrit University | F77: Shastri (Sahityam) | G77: Shastri (UG) | H77: UG | I77: Online | J77: Yes | K77: Notice 1 (Jan 2026) | L77: AY 2025-26, Jan-Feb 2026 session | N77: =IF(M77="","Active (per Notice 1)",IF(M77<TODAY(),"Expired",IF(M77<TODAY()+180,"Expiring Soon","Active"))) -> Active (per Notice 1) | O77: N/A | P77: A++ | Q77: 3.6 | R77: 2 | S77: 45065 | T77: =IF(S77="","",IF(EDATE(S77,60)<TODAY(),"Expired",IF(EDATE(S77,60)<TODAY()+180,"Expiring Soon","Valid"))) -> Valid | U77: =IF(P77="","",IF(P77="A++","Top Tier",IF(P77="A+","High",IF(P77="A","Strong",IF(LEFT(P77,1)="B","Acceptable",IF(LEFT(P77,1)="C","Below Avg","-")))))) -> Top Tier
A78: 77 | B78: 11 | C78: Delhi | D78: Central University | E78: Central Sanskrit University | F78: Acharya (Phalita Jyotisha) | G78: Acharya (PG) | H78: PG | I78: Online | J78: Yes | K78: Notice 1 (Jan 2026) | L78: AY 2025-26, Jan-Feb 2026 session | N78: =IF(M78="","Active (per Notice 1)",IF(M78<TODAY(),"Expired",IF(M78<TODAY()+180,"Expiring Soon","Active"))) -> Active (per Notice 1) | O78: N/A | P78: A++ | Q78: 3.6 | R78: 2 | S78: 45065 | T78: =IF(S78="","",IF(EDATE(S78,60)<TODAY(),"Expired",IF(EDATE(S78,60)<TODAY()+180,"Expiring Soon","Valid"))) -> Valid | U78: =IF(P78="","",IF(P78="A++","Top Tier",IF(P78="A+","High",IF(P78="A","Strong",IF(LEFT(P78,1)="B","Acceptable",IF(LEFT(P78,1)="C","Below Avg","-")))))) -> Top Tier
A79: 78 | B79: 11 | C79: Delhi | D79: Central University | E79: Central Sanskrit University | F79: Acharya (Sahityam) | G79: Acharya (PG) | H79: PG | I79: Online | J79: Yes | K79: Notice 1 (Jan 2026) | L79: AY 2025-26, Jan-Feb 2026 session | N79: =IF(M79="","Active (per Notice 1)",IF(M79<TODAY(),"Expired",IF(M79<TODAY()+180,"Expiring Soon","Active"))) -> Active (per Notice 1) | O79: N/A | P79: A++ | Q79: 3.6 | R79: 2 | S79: 45065 | T79: =IF(S79="","",IF(EDATE(S79,60)<TODAY(),"Expired",IF(EDATE(S79,60)<TODAY()+180,"Expiring Soon","Valid"))) -> Valid | U79: =IF(P79="","",IF(P79="A++","Top Tier",IF(P79="A+","High",IF(P79="A","Strong",IF(LEFT(P79,1)="B","Acceptable",IF(LEFT(P79,1)="C","Below Avg","-")))))) -> Top Tier
A80: 79 | B80: 11 | C80: Delhi | D80: Central University | E80: Central Sanskrit University | F80: Acharya (Vyakarana Shastram) | G80: Acharya (PG) | H80: PG | I80: Online | J80: Yes | K80: Notice 1 (Jan 2026) | L80: AY 2025-26, Jan-Feb 2026 session | N80: =IF(M80="","Active (per Notice 1)",IF(M80<TODAY(),"Expired",IF(M80<TODAY()+180,"Expiring Soon","Active"))) -> Active (per Notice 1) | O80: N/A | P80: A++ | Q80: 3.6 | R80: 2 | S80: 45065 | T80: =IF(S80="","",IF(EDATE(S80,60)<TODAY(),"Expired",IF(EDATE(S80,60)<TODAY()+180,"Expiring Soon","Valid"))) -> Valid | U80: =IF(P80="","",IF(P80="A++","Top Tier",IF(P80="A+","High",IF(P80="A","Strong",IF(LEFT(P80,1)="B","Acceptable",IF(LEFT(P80,1)="C","Below Avg","-")))))) -> Top Tier
A81: 80 | B81: 11 | C81: Delhi | D81: Central University | E81: Central Sanskrit University | F81: Shastri Hons. (Phalit Jyotisha) | G81: Shastri (UG) | H81: UG | I81: Online | J81: Yes | K81: Notice 1 (Jan 2026) | L81: AY 2025-26, Jan-Feb 2026 session | N81: =IF(M81="","Active (per Notice 1)",IF(M81<TODAY(),"Expired",IF(M81<TODAY()+180,"Expiring Soon","Active"))) -> Active (per Notice 1) | O81: N/A | P81: A++ | Q81: 3.6 | R81: 2 | S81: 45065 | T81: =IF(S81="","",IF(EDATE(S81,60)<TODAY(),"Expired",IF(EDATE(S81,60)<TODAY()+180,"Expiring Soon","Valid"))) -> Valid | U81: =IF(P81="","",IF(P81="A++","Top Tier",IF(P81="A+","High",IF(P81="A","Strong",IF(LEFT(P81,1)="B","Acceptable",IF(LEFT(P81,1)="C","Below Avg","-")))))) -> Top Tier
A82: 81 | B82: 12 | C82: Delhi | D82: State University | E82: Guru Gobind Singh Indraprastha Vishwavidyalaya | F82: Bachelor of Business Administration | G82: BBA | H82: UG | I82: Online | J82: Yes | K82: Notice 1 (Jan 2026) | L82: AY 2025-26, Jan-Feb 2026 session | N82: =IF(M82="","Active (per Notice 1)",IF(M82<TODAY(),"Expired",IF(M82<TODAY()+180,"Expiring Soon","Active"))) -> Active (per Notice 1) | O82: No | P82: A++ | Q82: 3.56 | R82: 3 | S82: 44971 | T82: =IF(S82="","",IF(EDATE(S82,60)<TODAY(),"Expired",IF(EDATE(S82,60)<TODAY()+180,"Expiring Soon","Valid"))) -> Valid | U82: =IF(P82="","",IF(P82="A++","Top Tier",IF(P82="A+","High",IF(P82="A","Strong",IF(LEFT(P82,1)="B","Acceptable",IF(LEFT(P82,1)="C","Below Avg","-")))))) -> Top Tier | AD82: 93 | AG82: 76 | AK82: 22 | AL82: 36 | AO82: 22
A83: 82 | B83: 12 | C83: Delhi | D83: State University | E83: Guru Gobind Singh Indraprastha Vishwavidyalaya | F83: Bachelor of Commerce | G83: B.Com | H83: UG | I83: Online | J83: Yes | K83: Notice 1 (Jan 2026) | L83: AY 2025-26, Jan-Feb 2026 session | N83: =IF(M83="","Active (per Notice 1)",IF(M83<TODAY(),"Expired",IF(M83<TODAY()+180,"Expiring Soon","Active"))) -> Active (per Notice 1) | O83: N/A | P83: A++ | Q83: 3.56 | R83: 3 | S83: 44971 | T83: =IF(S83="","",IF(EDATE(S83,60)<TODAY(),"Expired",IF(EDATE(S83,60)<TODAY()+180,"Expiring Soon","Valid"))) -> Valid | U83: =IF(P83="","",IF(P83="A++","Top Tier",IF(P83="A+","High",IF(P83="A","Strong",IF(LEFT(P83,1)="B","Acceptable",IF(LEFT(P83,1)="C","Below Avg","-")))))) -> Top Tier | AD83: 93 | AG83: 76 | AK83: 22 | AL83: 36 | AO83: 22
A84: 83 | B84: 12 | C84: Delhi | D84: State University | E84: Guru Gobind Singh Indraprastha Vishwavidyalaya | F84: Master of Arts (Mass Communication) | G84: MA | H84: PG | I84: Online | J84: Yes | K84: Notice 1 (Jan 2026) | L84: AY 2025-26, Jan-Feb 2026 session | N84: =IF(M84="","Active (per Notice 1)",IF(M84<TODAY(),"Expired",IF(M84<TODAY()+180,"Expiring Soon","Active"))) -> Active (per Notice 1) | O84: N/A | P84: A++ | Q84: 3.56 | R84: 3 | S84: 44971 | T84: =IF(S84="","",IF(EDATE(S84,60)<TODAY(),"Expired",IF(EDATE(S84,60)<TODAY()+180,"Expiring Soon","Valid"))) -> Valid | U84: =IF(P84="","",IF(P84="A++","Top Tier",IF(P84="A+","High",IF(P84="A","Strong",IF(LEFT(P84,1)="B","Acceptable",IF(LEFT(P84,1)="C","Below Avg","-")))))) -> Top Tier | AD84: 93 | AG84: 76 | AK84: 22 | AL84: 36 | AO84: 22
A85: 84 | B85: 12 | C85: Delhi | D85: State University | E85: Guru Gobind Singh Indraprastha Vishwavidyalaya | F85: Master of Computer Applications | G85: MCA | H85: PG | I85: Online | J85: Yes | K85: Notice 1 (Jan 2026) | L85: AY 2025-26, Jan-Feb 2026 session | N85: =IF(M85="","Active (per Notice 1)",IF(M85<TODAY(),"Expired",IF(M85<TODAY()+180,"Expiring Soon","Active"))) -> Active (per Notice 1) | O85: No | P85: A++ | Q85: 3.56 | R85: 3 | S85: 44971 | T85: =IF(S85="","",IF(EDATE(S85,60)<TODAY(),"Expired",IF(EDATE(S85,60)<TODAY()+180,"Expiring Soon","Valid"))) -> Valid | U85: =IF(P85="","",IF(P85="A++","Top Tier",IF(P85="A+","High",IF(P85="A","Strong",IF(LEFT(P85,1)="B","Acceptable",IF(LEFT(P85,1)="C","Below Avg","-")))))) -> Top Tier | AD85: 93 | AG85: 76 | AK85: 22 | AL85: 36 | AO85: 22
A86: 85 | B86: 13 | C86: Delhi | D86: Deemed-to-be University | E86: Indian Institute of Foreign Trade | F86: Master of Business Administration (International Business) | G86: MBA | H86: PG | I86: Online | J86: Yes | K86: Notice 1 (Jan 2026) | L86: AY 2025-26, Jan-Feb 2026 session | N86: =IF(M86="","Active (per Notice 1)",IF(M86<TODAY(),"Expired",IF(M86<TODAY()+180,"Expiring Soon","Active"))) -> Active (per Notice 1) | O86: Yes | P86: A+ | Q86: 3.27 | R86: 3 | S86: 45275 | T86: =IF(S86="","",IF(EDATE(S86,60)<TODAY(),"Expired",IF(EDATE(S86,60)<TODAY()+180,"Expiring Soon","Valid"))) -> Valid | U86: =IF(P86="","",IF(P86="A++","Top Tier",IF(P86="A+","High",IF(P86="A","Strong",IF(LEFT(P86,1)="B","Acceptable",IF(LEFT(P86,1)="C","Below Avg","-")))))) -> High | V86: Accredited | W86: Indian Institute of Foreign Trade | X86: https://www.aacsb.edu/accredited/i/indian-institute-of-foreign-trade | AG86: 17
A87: 86 | B87: 14 | C87: Gujarat | D87: State University | E87: Gujarat University | F87: Bachelor of Arts (English) | G87: BA | H87: UG | I87: Online | J87: Yes | K87: Notice 1 (Jan 2026) | L87: AY 2025-26, Jan-Feb 2026 session | N87: =IF(M87="","Active (per Notice 1)",IF(M87<TODAY(),"Expired",IF(M87<TODAY()+180,"Expiring Soon","Active"))) -> Active (per Notice 1) | O87: N/A | P87: A+ | Q87: 3.3 | R87: 3 | S87: 45694 | T87: =IF(S87="","",IF(EDATE(S87,60)<TODAY(),"Expired",IF(EDATE(S87,60)<TODAY()+180,"Expiring Soon","Valid"))) -> Valid | U87: =IF(P87="","",IF(P87="A++","Top Tier",IF(P87="A+","High",IF(P87="A","Strong",IF(LEFT(P87,1)="B","Acceptable",IF(LEFT(P87,1)="C","Below Avg","-")))))) -> High | AD87: 74 | AO87: 25
A88: 87 | B88: 14 | C88: Gujarat | D88: State University | E88: Gujarat University | F88: Bachelor of Commerce (General) | G88: B.Com | H88: UG | I88: Online | J88: Yes | K88: Notice 1 (Jan 2026) | L88: AY 2025-26, Jan-Feb 2026 session | N88: =IF(M88="","Active (per Notice 1)",IF(M88<TODAY(),"Expired",IF(M88<TODAY()+180,"Expiring Soon","Active"))) -> Active (per Notice 1) | O88: N/A | P88: A+ | Q88: 3.3 | R88: 3 | S88: 45694 | T88: =IF(S88="","",IF(EDATE(S88,60)<TODAY(),"Expired",IF(EDATE(S88,60)<TODAY()+180,"Expiring Soon","Valid"))) -> Valid | U88: =IF(P88="","",IF(P88="A++","Top Tier",IF(P88="A+","High",IF(P88="A","Strong",IF(LEFT(P88,1)="B","Acceptable",IF(LEFT(P88,1)="C","Below Avg","-")))))) -> High | AD88: 74 | AO88: 25
A89: 88 | B89: 14 | C89: Gujarat | D89: State University | E89: Gujarat University | F89: Bachelor of Computer Applications | G89: BCA | H89: UG | I89: Online | J89: Yes | K89: Notice 1 (Jan 2026) | L89: AY 2025-26, Jan-Feb 2026 session | N89: =IF(M89="","Active (per Notice 1)",IF(M89<TODAY(),"Expired",IF(M89<TODAY()+180,"Expiring Soon","Active"))) -> Active (per Notice 1) | O89: No | P89: A+ | Q89: 3.3 | R89: 3 | S89: 45694 | T89: =IF(S89="","",IF(EDATE(S89,60)<TODAY(),"Expired",IF(EDATE(S89,60)<TODAY()+180,"Expiring Soon","Valid"))) -> Valid | U89: =IF(P89="","",IF(P89="A++","Top Tier",IF(P89="A+","High",IF(P89="A","Strong",IF(LEFT(P89,1)="B","Acceptable",IF(LEFT(P89,1)="C","Below Avg","-")))))) -> High | AD89: 74 | AO89: 25
A90: 89 | B90: 14 | C90: Gujarat | D90: State University | E90: Gujarat University | F90: Master of Arts (English) | G90: MA | H90: PG | I90: Online | J90: Yes | K90: Notice 1 (Jan 2026) | L90: AY 2025-26, Jan-Feb 2026 session | N90: =IF(M90="","Active (per Notice 1)",IF(M90<TODAY(),"Expired",IF(M90<TODAY()+180,"Expiring Soon","Active"))) -> Active (per Notice 1) | O90: N/A | P90: A+ | Q90: 3.3 | R90: 3 | S90: 45694 | T90: =IF(S90="","",IF(EDATE(S90,60)<TODAY(),"Expired",IF(EDATE(S90,60)<TODAY()+180,"Expiring Soon","Valid"))) -> Valid | U90: =IF(P90="","",IF(P90="A++","Top Tier",IF(P90="A+","High",IF(P90="A","Strong",IF(LEFT(P90,1)="B","Acceptable",IF(LEFT(P90,1)="C","Below Avg","-")))))) -> High | AD90: 74 | AO90: 25
A91: 90 | B91: 14 | C91: Gujarat | D91: State University | E91: Gujarat University | F91: Master of Commerce (General) | G91: M.Com | H91: PG | I91: Online | J91: Yes | K91: Notice 1 (Jan 2026) | L91: AY 2025-26, Jan-Feb 2026 session | N91: =IF(M91="","Active (per Notice 1)",IF(M91<TODAY(),"Expired",IF(M91<TODAY()+180,"Expiring Soon","Active"))) -> Active (per Notice 1) | O91: N/A | P91: A+ | Q91: 3.3 | R91: 3 | S91: 45694 | T91: =IF(S91="","",IF(EDATE(S91,60)<TODAY(),"Expired",IF(EDATE(S91,60)<TODAY()+180,"Expiring Soon","Valid"))) -> Valid | U91: =IF(P91="","",IF(P91="A++","Top Tier",IF(P91="A+","High",IF(P91="A","Strong",IF(LEFT(P91,1)="B","Acceptable",IF(LEFT(P91,1)="C","Below Avg","-")))))) -> High | AD91: 74 | AO91: 25
A92: 91 | B92: 14 | C92: Gujarat | D92: State University | E92: Gujarat University | F92: Master of Science (Mathematics) | G92: M.Sc | H92: PG | I92: Online | J92: Yes | K92: Notice 1 (Jan 2026) | L92: AY 2025-26, Jan-Feb 2026 session | N92: =IF(M92="","Active (per Notice 1)",IF(M92<TODAY(),"Expired",IF(M92<TODAY()+180,"Expiring Soon","Active"))) -> Active (per Notice 1) | O92: N/A | P92: A+ | Q92: 3.3 | R92: 3 | S92: 45694 | T92: =IF(S92="","",IF(EDATE(S92,60)<TODAY(),"Expired",IF(EDATE(S92,60)<TODAY()+180,"Expiring Soon","Valid"))) -> Valid | U92: =IF(P92="","",IF(P92="A++","Top Tier",IF(P92="A+","High",IF(P92="A","Strong",IF(LEFT(P92,1)="B","Acceptable",IF(LEFT(P92,1)="C","Below Avg","-")))))) -> High | AD92: 74 | AO92: 25
A93: 92 | B93: 15 | C93: Gujarat | D93: Private University | E93: Charotar University of Science & Technology | F93: Bachelor of Business Administration | G93: BBA | H93: UG | I93: Online | J93: Yes | K93: Notice 1 (Jan 2026) | L93: AY 2025-26, Jan-Feb 2026 session | N93: =IF(M93="","Active (per Notice 1)",IF(M93<TODAY(),"Expired",IF(M93<TODAY()+180,"Expiring Soon","Active"))) -> Active (per Notice 1) | O93: No | P93: A+ | Q93: 3.26 | R93: 2 | S93: 44754 | T93: =IF(S93="","",IF(EDATE(S93,60)<TODAY(),"Expired",IF(EDATE(S93,60)<TODAY()+180,"Expiring Soon","Valid"))) -> Valid | U93: =IF(P93="","",IF(P93="A++","Top Tier",IF(P93="A+","High",IF(P93="A","Strong",IF(LEFT(P93,1)="B","Acceptable",IF(LEFT(P93,1)="C","Below Avg","-")))))) -> High
A94: 93 | B94: 15 | C94: Gujarat | D94: Private University | E94: Charotar University of Science & Technology | F94: Bachelor of Computer Applications | G94: BCA | H94: UG | I94: Online | J94: Yes | K94: Notice 1 (Jan 2026) | L94: AY 2025-26, Jan-Feb 2026 session | N94: =IF(M94="","Active (per Notice 1)",IF(M94<TODAY(),"Expired",IF(M94<TODAY()+180,"Expiring Soon","Active"))) -> Active (per Notice 1) | O94: No | P94: A+ | Q94: 3.26 | R94: 2 | S94: 44754 | T94: =IF(S94="","",IF(EDATE(S94,60)<TODAY(),"Expired",IF(EDATE(S94,60)<TODAY()+180,"Expiring Soon","Valid"))) -> Valid | U94: =IF(P94="","",IF(P94="A++","Top Tier",IF(P94="A+","High",IF(P94="A","Strong",IF(LEFT(P94,1)="B","Acceptable",IF(LEFT(P94,1)="C","Below Avg","-")))))) -> High
A95: 94 | B95: 15 | C95: Gujarat | D95: Private University | E95: Charotar University of Science & Technology | F95: Master of Business Administration (General) | G95: MBA | H95: PG | I95: Online | J95: Yes | K95: Notice 1 (Jan 2026) | L95: AY 2025-26, Jan-Feb 2026 session | N95: =IF(M95="","Active (per Notice 1)",IF(M95<TODAY(),"Expired",IF(M95<TODAY()+180,"Expiring Soon","Active"))) -> Active (per Notice 1) | O95: No | P95: A+ | Q95: 3.26 | R95: 2 | S95: 44754 | T95: =IF(S95="","",IF(EDATE(S95,60)<TODAY(),"Expired",IF(EDATE(S95,60)<TODAY()+180,"Expiring Soon","Valid"))) -> Valid | U95: =IF(P95="","",IF(P95="A++","Top Tier",IF(P95="A+","High",IF(P95="A","Strong",IF(LEFT(P95,1)="B","Acceptable",IF(LEFT(P95,1)="C","Below Avg","-")))))) -> High
A96: 95 | B96: 15 | C96: Gujarat | D96: Private University | E96: Charotar University of Science & Technology | F96: Master of Computer Applications | G96: MCA | H96: PG | I96: Online | J96: Yes | K96: Notice 1 (Jan 2026) | L96: AY 2025-26, Jan-Feb 2026 session | N96: =IF(M96="","Active (per Notice 1)",IF(M96<TODAY(),"Expired",IF(M96<TODAY()+180,"Expiring Soon","Active"))) -> Active (per Notice 1) | O96: No | P96: A+ | Q96: 3.26 | R96: 2 | S96: 44754 | T96: =IF(S96="","",IF(EDATE(S96,60)<TODAY(),"Expired",IF(EDATE(S96,60)<TODAY()+180,"Expiring Soon","Valid"))) -> Valid | U96: =IF(P96="","",IF(P96="A++","Top Tier",IF(P96="A+","High",IF(P96="A","Strong",IF(LEFT(P96,1)="B","Acceptable",IF(LEFT(P96,1)="C","Below Avg","-")))))) -> High
A97: 96 | B97: 16 | C97: Gujarat | D97: State Open University | E97: Dr. Babasaheb Ambedkar Open University | F97: Bachelor of Arts (English) | G97: BA | H97: UG | I97: Online | J97: Yes | K97: Notice 1 (Jan 2026) | L97: AY 2025-26, Jan-Feb 2026 session | N97: =IF(M97="","Active (per Notice 1)",IF(M97<TODAY(),"Expired",IF(M97<TODAY()+180,"Expiring Soon","Active"))) -> Active (per Notice 1) | O97: N/A | P97: A++ | Q97: 3.55 | R97: 1 | S97: 44768 | T97: =IF(S97="","",IF(EDATE(S97,60)<TODAY(),"Expired",IF(EDATE(S97,60)<TODAY()+180,"Expiring Soon","Valid"))) -> Valid | U97: =IF(P97="","",IF(P97="A++","Top Tier",IF(P97="A+","High",IF(P97="A","Strong",IF(LEFT(P97,1)="B","Acceptable",IF(LEFT(P97,1)="C","Below Avg","-")))))) -> Top Tier
A98: 97 | B98: 16 | C98: Gujarat | D98: State Open University | E98: Dr. Babasaheb Ambedkar Open University | F98: Bachelor of Commerce (Accountancy) | G98: B.Com | H98: UG | I98: Online | J98: Yes | K98: Notice 1 (Jan 2026) | L98: AY 2025-26, Jan-Feb 2026 session | N98: =IF(M98="","Active (per Notice 1)",IF(M98<TODAY(),"Expired",IF(M98<TODAY()+180,"Expiring Soon","Active"))) -> Active (per Notice 1) | O98: N/A | P98: A++ | Q98: 3.55 | R98: 1 | S98: 44768 | T98: =IF(S98="","",IF(EDATE(S98,60)<TODAY(),"Expired",IF(EDATE(S98,60)<TODAY()+180,"Expiring Soon","Valid"))) -> Valid | U98: =IF(P98="","",IF(P98="A++","Top Tier",IF(P98="A+","High",IF(P98="A","Strong",IF(LEFT(P98,1)="B","Acceptable",IF(LEFT(P98,1)="C","Below Avg","-")))))) -> Top Tier
A99: 98 | B99: 16 | C99: Gujarat | D99: State Open University | E99: Dr. Babasaheb Ambedkar Open University | F99: Bachelor of Computer Applications | G99: BCA | H99: UG | I99: Online | J99: Yes | K99: Notice 1 (Jan 2026) | L99: AY 2025-26, Jan-Feb 2026 session | N99: =IF(M99="","Active (per Notice 1)",IF(M99<TODAY(),"Expired",IF(M99<TODAY()+180,"Expiring Soon","Active"))) -> Active (per Notice 1) | O99: No | P99: A++ | Q99: 3.55 | R99: 1 | S99: 44768 | T99: =IF(S99="","",IF(EDATE(S99,60)<TODAY(),"Expired",IF(EDATE(S99,60)<TODAY()+180,"Expiring Soon","Valid"))) -> Valid | U99: =IF(P99="","",IF(P99="A++","Top Tier",IF(P99="A+","High",IF(P99="A","Strong",IF(LEFT(P99,1)="B","Acceptable",IF(LEFT(P99,1)="C","Below Avg","-")))))) -> Top Tier
A100: 99 | B100: 16 | C100: Gujarat | D100: State Open University | E100: Dr. Babasaheb Ambedkar Open University | F100: Master of Arts (Sociology) | G100: MA | H100: PG | I100: Online | J100: Yes | K100: Notice 1 (Jan 2026) | L100: AY 2025-26, Jan-Feb 2026 session | N100: =IF(M100="","Active (per Notice 1)",IF(M100<TODAY(),"Expired",IF(M100<TODAY()+180,"Expiring Soon","Active"))) -> Active (per Notice 1) | O100: N/A | P100: A++ | Q100: 3.55 | R100: 1 | S100: 44768 | T100: =IF(S100="","",IF(EDATE(S100,60)<TODAY(),"Expired",IF(EDATE(S100,60)<TODAY()+180,"Expiring Soon","Valid"))) -> Valid | U100: =IF(P100="","",IF(P100="A++","Top Tier",IF(P100="A+","High",IF(P100="A","Strong",IF(LEFT(P100,1)="B","Acceptable",IF(LEFT(P100,1)="C","Below Avg","-")))))) -> Top Tier
...

Sheet University_Summary
A1: S.No | B1: UGC S.No | C1: State | D1: HEI Type | E1: University Name | F1: Programme Count (Online) | G1: UGC-DEB Status | H1: NAAC Grade | I1: NAAC CGPA | J1: NIRF Rank (Univ.) | K1: NIRF Rank (Mgmt.) | L1: NIRF Year | M1: Official Website | N1: AACSB B-school | O1: NBA Courses | P1: NBA Status | Q1: Notes
A2: 1 | B2: 1 | C2: Andhra Pradesh | D2: State University | E2: Andhra University | F2: =COUNTIF(Master_Online!E:E,E2) -> 12 | G2: Approved | H2: A++ | I2: 3.74 | J2: 23 | L2: 2025
A3: 2 | B3: 2 | C3: Andhra Pradesh | D3: Deemed-to-be University | E3: Koneru Lakshmaiah Education Foundation | F3: =COUNTIF(Master_Online!E:E,E3) -> 8 | G3: Approved | J3: 26 | K3: 70 | L3: 2025
A4: 3 | B4: 3 | C4: Andhra Pradesh | D4: Deemed-to-be University | E4: Vignan's Foundation for Science, Technology and Research | F4: =COUNTIF(Master_Online!E:E,E4) -> 6 | G4: Approved | H4: A+ | I4: 3.49 | J4: 70 | L4: 2025 | O4: 4 | P4: All Valid
A5: 4 | B5: 4 | C5: Andhra Pradesh | D5: Private University | E5: Mohan Babu University | F5: =COUNTIF(Master_Online!E:E,E5) -> 5 | G5: Approved
A6: 5 | B6: 5 | C6: Assam | D6: Private University | E6: Assam Down Town University | F6: =COUNTIF(Master_Online!E:E,E6) -> 4 | G6: Approved | H6: A+ | I6: 3.34
A7: 6 | B7: 6 | C7: Chhattisgarh | D7: Central University | E7: Guru Ghasidas Vishwavidyalaya | F7: =COUNTIF(Master_Online!E:E,E7) -> 13 | G7: Approved | H7: A++ | I7: 3.62 | L7: 2025
A8: 7 | B8: 7 | C8: Chhattisgarh | D8: Private University | E8: MATS University | F8: =COUNTIF(Master_Online!E:E,E8) -> 5 | G8: Approved | H8: A+ | I8: 3.3
A9: 8 | B9: 8 | C9: Delhi | D9: Deemed-to-be University | E9: Jamia Hamdard | F9: =COUNTIF(Master_Online!E:E,E9) -> 8 | G9: Approved | H9: A+ | I9: 3.41 | J9: 47 | K9: 87 | L9: 2025
A10: 9 | B10: 9 | C10: Delhi | D10: Central University | E10: Jamia Millia Islamia University | F10: =COUNTIF(Master_Online!E:E,E10) -> 12 | G10: Approved | H10: A++ | I10: 3.61 | J10: 4 | K10: 28 | L10: 2025 | O10: 7 | P10: Mixed
A11: 10 | B11: 10 | C11: Delhi | D11: Central University | E11: Jawaharlal Nehru University | F11: =COUNTIF(Master_Online!E:E,E11) -> 1 | G11: Approved | H11: A++ | I11: 3.62 | J11: 2 | L11: 2025
A12: 11 | B12: 11 | C12: Delhi | D12: Central University | E12: Central Sanskrit University | F12: =COUNTIF(Master_Online!E:E,E12) -> 6 | G12: Approved | H12: A++ | I12: 3.6
A13: 12 | B13: 12 | C13: Delhi | D13: State University | E13: Guru Gobind Singh Indraprastha Vishwavidyalaya | F13: =COUNTIF(Master_Online!E:E,E13) -> 4 | G13: Approved | H13: A++ | I13: 3.56 | J13: 93 | K13: 76 | L13: 2025
A14: 13 | B14: 13 | C14: Delhi | D14: Deemed-to-be University | E14: Indian Institute of Foreign Trade | F14: =COUNTIF(Master_Online!E:E,E14) -> 1 | G14: Approved | H14: A+ | I14: 3.27 | K14: 17 | L14: 2025 | N14: Accredited
A15: 14 | B15: 14 | C15: Gujarat | D15: State University | E15: Gujarat University | F15: =COUNTIF(Master_Online!E:E,E15) -> 6 | G15: Approved | H15: A+ | I15: 3.3 | J15: 74 | L15: 2025
A16: 15 | B16: 15 | C16: Gujarat | D16: Private University | E16: Charotar University of Science & Technology | F16: =COUNTIF(Master_Online!E:E,E16) -> 4 | G16: Approved | H16: A+ | I16: 3.26
A17: 16 | B17: 16 | C17: Gujarat | D17: State Open University | E17: Dr. Babasaheb Ambedkar Open University | F17: =COUNTIF(Master_Online!E:E,E17) -> 10 | G17: Approved | H17: A++ | I17: 3.55
A18: 17 | B18: 17 | C18: Gujarat | D18: Private University | E18: Parul University | F18: =COUNTIF(Master_Online!E:E,E18) -> 10 | G18: Approved | H18: A++ | I18: 3.55 | L18: 2025
A19: 18 | B19: 18 | C19: Gujarat | D19: Private University | E19: Marwadi University | F19: =COUNTIF(Master_Online!E:E,E19) -> 7 | G19: Approved | H19: A+ | I19: 3.31
A20: 19 | B20: 19 | C20: Gujarat | D20: State University | E20: Gujarat Technological University | F20: =COUNTIF(Master_Online!E:E,E20) -> 1 | G20: Approved | H20: A+ | I20: 3.26 | L20: 2025
A21: 20 | B21: 20 | C21: Gujarat | D21: Private University | E21: G.L.S. University | F21: =COUNTIF(Master_Online!E:E,E21) -> 6 | G21: Approved | H21: A+ | I21: 3.44
A22: 21 | B22: 21 | C22: Gujarat | D22: Private University | E22: P.P. Savani University | F22: =COUNTIF(Master_Online!E:E,E22) -> 5 | G22: Approved | H22: A+ | I22: 3.38
A23: 22 | B23: 22 | C23: Haryana | D23: State University | E23: Guru Jambheshwar University of Science and Technology | F23: =COUNTIF(Master_Online!E:E,E23) -> 8 | G23: Approved | H23: A+ | I23: 3.38 | L23: 2025 | O23: 6 | P23: All Expired
A24: 23 | B24: 23 | C24: Haryana | D24: State University | E24: Kurukshetra University | F24: =COUNTIF(Master_Online!E:E,E24) -> 9 | G24: Approved | H24: A++ | I24: 3.56 | L24: 2025
A25: 24 | B25: 24 | C25: Haryana | D25: State University | E25: Maharshi Dayanand University | F25: =COUNTIF(Master_Online!E:E,E25) -> 8 | G25: Approved | L25: 2025
A26: 25 | B26: 25 | C26: Haryana | D26: Deemed-to-be University | E26: Maharishi Markandeshwar | F26: =COUNTIF(Master_Online!E:E,E26) -> 6 | G26: Approved | H26: A++ | I26: 3.53 | J26: 85 | L26: 2025 | O26: 2 | P26: All Valid
A27: 26 | B27: 26 | C27: Haryana | D27: Deemed-to-be University | E27: Manav Rachna International Institute of Research & Studies | F27: =COUNTIF(Master_Online!E:E,E27) -> 10 | G27: Approved | H27: A++ | I27: 3.53 | J27: 96 | L27: 2025 | O27: 2 | P27: All Expired
A28: 27 | B28: 27 | C28: Haryana | D28: Private University | E28: Shree Guru Gobind Singh Tricentenary University | F28: =COUNTIF(Master_Online!E:E,E28) -> 5 | G28: Approved | H28: A+ | I28: 3.33 | L28: 2025
A29: 28 | B29: 28 | C29: Himachal Pradesh | D29: Private University | E29: Shoolini University of Biotechnology and Management Sciences | F29: =COUNTIF(Master_Online!E:E,E29) -> 8 | G29: Approved | H29: A+ | I29: 3.3 | J29: 69 | L29: 2025
A30: 29 | B30: 29 | C30: Himachal Pradesh | D30: Central University | E30: Central University of Himachal Pradesh | F30: =COUNTIF(Master_Online!E:E,E30) -> 5 | G30: Approved | H30: A+ | I30: 3.42
A31: 30 | B31: 30 | C31: Jammu & Kashmir | D31: State University | E31: University of Jammu | F31: =COUNTIF(Master_Online!E:E,E31) -> 2 | G31: Approved | H31: A++ | I31: 3.72 | J31: 51 | L31: 2025
A32: 31 | B32: 31 | C32: Jharkhand | D32: Deemed-to-be University | E32: Birla Institute of Technology | F32: =COUNTIF(Master_Online!E:E,E32) -> 1 | G32: Approved | H32: A | I32: 3.17 | J32: 92 | K32: 97 | L32: 2025 | O32: 8 | P32: Mixed
A33: 32 | B33: 32 | C33: Karnataka | D33: Deemed-to-be University | E33: Jain (Deemed-to-be University) | F33: =COUNTIF(Master_Online!E:E,E33) -> 11 | G33: Approved | H33: A | I33: 3.15 | J33: 62 | K33: 73 | L33: 2025
A34: 33 | B34: 33 | C34: Karnataka | D34: Deemed-to-be University | E34: JSS Academy of Education and Research | F34: =COUNTIF(Master_Online!E:E,E34) -> 3 | G34: Approved | H34: A++ | I34: 3.61 | J34: 21 | L34: 2025
A35: 34 | B35: 34 | C35: Karnataka | D35: Deemed-to-be University | E35: Manipal Academy of Higher Education | F35: =COUNTIF(Master_Online!E:E,E35) -> 7 | G35: Approved | H35: A++ | I35: 3.65 | J35: 3 | L35: 2025 | N35: Accredited
A36: 35 | B36: 35 | C36: Karnataka | D36: State University | E36: Bangalore University | F36: =COUNTIF(Master_Online!E:E,E36) -> 10 | G36: Approved | H36: A++ | I36: 3.75 | J36: 65 | L36: 2025
A37: 36 | B37: 36 | C37: Karnataka | D37: State University | E37: University of Mysore | F37: =COUNTIF(Master_Online!E:E,E37) -> 12 | G37: Approved | H37: A | I37: 3.01 | J37: 71 | L37: 2025
A38: 37 | B38: 37 | C38: Karnataka | D38: Deemed-to-be University | E38: Yenepoya | F38: =COUNTIF(Master_Online!E:E,E38) -> 6 | G38: Approved | H38: A+ | I38: 3.47
A39: 38 | B39: 38 | C39: Karnataka | D39: State University | E39: Visvesvaraya Technological University | F39: =COUNTIF(Master_Online!E:E,E39) -> 13 | G39: Approved | H39: B+ | I39: 2.73 | L39: 2025
A40: 39 | B40: 39 | C40: Karnataka | D40: State Open University | E40: Karnataka State Open University | F40: =COUNTIF(Master_Online!E:E,E40) -> 10 | G40: Approved | H40: A+ | I40: 3.31 | L40: 2025
A41: 40 | B41: 40 | C41: Karnataka | D41: Deemed-to-be University | E41: Christ (Deemed to be University) | F41: =COUNTIF(Master_Online!E:E,E41) -> 7 | G41: Approved | H41: B+ | I41: 2.61 | J41: 63 | K41: 57 | L41: 2025 | O41: 8 | P41: All Valid
A42: 41 | B42: 41 | C42: Karnataka | D42: Private University | E42: Dayanand Sagar University | F42: =COUNTIF(Master_Online!E:E,E42) -> 5 | G42: Approved | H42: A+ | I42: 3.31
A43: 42 | B43: 42 | C43: Karnataka | D43: Private University | E43: Alliance University | F43: =COUNTIF(Master_Online!E:E,E43) -> 3 | G43: Approved | H43: A+ | I43: 3.26 | K43: 71 | L43: 2025
A44: 43 | B44: 43 | C44: Karnataka | D44: Private University | E44: Adichunchanagiri University | F44: =COUNTIF(Master_Online!E:E,E44) -> 1 | G44: Approved | H44: A+ | I44: 3.39
A45: 44 | B45: 44 | C45: Kerala | D45: State University | E45: Mahatma Gandhi University | F45: =COUNTIF(Master_Online!E:E,E45) -> 13 | G45: Approved | H45: A++ | I45: 3.61 | J45: 43 | L45: 2025
A46: 45 | B46: 45 | C46: Kerala | D46: State University | E46: University of Kerala | F46: =COUNTIF(Master_Online!E:E,E46) -> 4 | G46: Approved | H46: A++ | I46: 3.67 | J46: 25 | L46: 2025
A47: 46 | B47: 46 | C47: Madhya Pradesh | D47: State University | E47: Devi Ahilya Vishwavidyalaya | F47: =COUNTIF(Master_Online!E:E,E47) -> 3 | G47: Approved | H47: A+ | I47: 3.3 | L47: 2025
A48: 47 | B48: 47 | C48: Madhya Pradesh | D48: Private University | E48: SAGE University | F48: =COUNTIF(Master_Online!E:E,E48) -> 9 | G48: Approved | H48: A+ | I48: 3.41
A49: 48 | B49: 48 | C49: Maharashtra | D49: Deemed-to-be University | E49: Dr. D.Y. Patil Vidyapeeth (Pune) | F49: =COUNTIF(Master_Online!E:E,E49) -> 3 | G49: Approved | H49: A++ | I49: 3.64 | J49: 41 | L49: 2025
A50: 49 | B50: 49 | C50: Maharashtra | D50: Deemed-to-be University | E50: D.Y. Patil (Navi Mumbai) | F50: =COUNTIF(Master_Online!E:E,E50) -> 4 | G50: Approved | H50: A++ | I50: 3.59 | J50: 91 | L50: 2025
A51: 50 | B51: 50 | C51: Maharashtra | D51: Deemed-to-be University | E51: Symbiosis International | F51: =COUNTIF(Master_Online!E:E,E51) -> 10 | G51: Approved | H51: A++ | I51: 3.56 | J51: 24 | L51: 2025 | N51: Accredited
A52: 51 | B52: 51 | C52: Maharashtra | D52: Deemed-to-be University | E52: Bharati Vidyapeeth | F52: =COUNTIF(Master_Online!E:E,E52) -> 4 | G52: Approved | H52: A++ | I52: 3.6 | J52: 59 | L52: 2025 | O52: 3 | P52: Mixed
A53: 52 | B53: 52 | C53: Maharashtra | D53: Deemed-to-be University | E53: Datta Meghe Institute of Higher Education and Research | F53: =COUNTIF(Master_Online!E:E,E53) -> 5 | G53: Approved | H53: A++ | I53: 3.78 | J53: 49 | L53: 2025
A54: 53 | B54: 53 | C54: Maharashtra | D54: State University | E54: University of Mumbai | F54: =COUNTIF(Master_Online!E:E,E54) -> 1 | G54: Approved | H54: A++ | I54: 3.65 | J54: 54 | L54: 2025
A55: 54 | B55: 54 | C55: Maharashtra | D55: Deemed-to-be University | E55: Narsee Monjee Institute of Management Studies (NMIMS) | F55: =COUNTIF(Master_Online!E:E,E55) -> 4 | G55: Approved | H55: A++ | I55: 3.67 | J55: 52 | K55: 24 | L55: 2025 | N55: Accredited | O55: 4 | P55: All Valid
A56: 55 | B56: 55 | C56: Maharashtra | D56: State University | E56: Shivaji University | F56: =COUNTIF(Master_Online!E:E,E56) -> 3 | G56: Approved | H56: A++ | I56: 3.52 | L56: 2025
A57: 56 | B57: 56 | C57: Maharashtra | D57: State University | E57: Savitribai Phule Pune University | F57: =COUNTIF(Master_Online!E:E,E57) -> 5 | G57: Approved | J57: 56 | L57: 2025
A58: 57 | B58: 57 | C58: Mizoram | D58: Central University | E58: Mizoram University | F58: =COUNTIF(Master_Online!E:E,E58) -> 6 | G58: Approved | H58: A+ | I58: 3.3 | J58: 82 | L58: 2025
A59: 58 | B59: 58 | C59: Odisha | D59: Deemed-to-be University | E59: Kalinga Institute of Industrial Technology | F59: =COUNTIF(Master_Online!E:E,E59) -> 8 | G59: Approved | H59: A++ | I59: 3.52 | J59: 17 | K59: 68 | L59: 2025 | O59: 7 | P59: Mixed
A60: 59 | B60: 59 | C60: Odisha | D60: Private University | E60: Centurion University of Technology and Management | F60: =COUNTIF(Master_Online!E:E,E60) -> 6 | G60: Approved | H60: A+ | I60: 3.37
A61: 60 | B61: 60 | C61: Punjab | D61: Private University | E61: Chandigarh University | F61: =COUNTIF(Master_Online!E:E,E61) -> 10 | G61: Approved | H61: A+ | I61: 3.28 | J61: 19 | K61: 32 | L61: 2025
A62: 61 | B62: 61 | C62: Punjab | D62: Private University | E62: Chitkara University | F62: =COUNTIF(Master_Online!E:E,E62) -> 2 | G62: Approved | H62: A+ | I62: 3.26 | J62: 78 | K62: 78 | L62: 2025
A63: 62 | B63: 62 | C63: Punjab | D63: Private University | E63: Lovely Professional University | F63: =COUNTIF(Master_Online!E:E,E63) -> 12 | G63: Approved | H63: A++ | I63: 3.68 | J63: 31 | K63: 44 | L63: 2025
A64: 63 | B64: 63 | C64: Punjab | D64: State University | E64: Guru Nanak Dev University | F64: =COUNTIF(Master_Online!E:E,E64) -> 11 | G64: Approved | H64: A++ | I64: 3.85
A65: 64 | B65: 64 | C65: Punjab | D65: Private University | E65: Guru Kashi University | F65: =COUNTIF(Master_Online!E:E,E65) -> 13 | G65: Approved | H65: A++ | I65: 3.57
A66: 65 | B66: 65 | C66: Punjab | D66: Private University | E66: Desh Bhagat University | F66: =COUNTIF(Master_Online!E:E,E66) -> 13 | G66: Approved | H66: A+ | I66: 3.27
A67: 66 | B67: 66 | C67: Rajasthan | D67: Private University | E67: Manipal University | F67: =COUNTIF(Master_Online!E:E,E67) -> 8 | G67: Approved | H67: A+ | I67: 3.28 | J67: 58 | K67: 81 | L67: 2025 | O67: 1 | P67: All Valid
A68: 67 | B68: 67 | C68: Rajasthan | D68: Private University | E68: Vivekananda Global University | F68: =COUNTIF(Master_Online!E:E,E68) -> 9 | G68: Approved | H68: A+ | I68: 3.29
A69: 68 | B69: 68 | C69: Rajasthan | D69: Deemed-to-be University | E69: Banasthali Vidyapith | F69: =COUNTIF(Master_Online!E:E,E69) -> 11 | G69: Approved | H69: A++ | I69: 3.63 | J69: 66 | L69: 2025
A70: 69 | B70: 69 | C70: Rajasthan | D70: Private University | E70: Mody University of Science and Technology | F70: =COUNTIF(Master_Online!E:E,E70) -> 7 | G70: Approved | H70: A+ | I70: 3.43
A71: 70 | B71: 70 | C71: Rajasthan | D71: Private University | E71: Amity University Rajasthan | F71: =COUNTIF(Master_Online!E:E,E71) -> 9 | G71: Approved | H71: A+ | I71: 3.31
A72: 71 | B72: 71 | C72: Rajasthan | D72: Private University | E72: Jaipur National University | F72: =COUNTIF(Master_Online!E:E,E72) -> 8 | G72: Approved | H72: A+ | I72: 3.3
A73: 72 | B73: 72 | C73: Sikkim | D73: Private University | E73: Sikkim Manipal University | F73: =COUNTIF(Master_Online!E:E,E73) -> 9 | G73: Approved | H73: A+ | I73: 3.28 | O73: 2 | P73: All Expired
A74: 73 | B74: 73 | C74: Sikkim | D74: Private University | E74: Shri Ramasamy Memorial University | F74: =COUNTIF(Master_Online!E:E,E74) -> 6 | G74: Approved | H74: A+ | I74: 3.4
A75: 74 | B75: 74 | C75: Tamil Nadu | D75: State University | E75: Bharathidasan University | F75: =COUNTIF(Master_Online!E:E,E75) -> 10 | G75: Approved | J75: 36 | L75: 2025
A76: 75 | B76: 75 | C76: Tamil Nadu | D76: Deemed-to-be University | E76: Bharath Institute of Higher Education and Research | F76: =COUNTIF(Master_Online!E:E,E76) -> 3 | G76: Approved | J76: 76 | L76: 2025
A77: 76 | B77: 76 | C77: Tamil Nadu | D77: Deemed-to-be University | E77: B.S Abdur Rahman Institute of Science and Technology | F77: =COUNTIF(Master_Online!E:E,E77) -> 3 | G77: Approved | H77: A+ | I77: 3.33
A78: 77 | B78: 77 | C78: Tamil Nadu | D78: State University | E78: Madurai Kamaraj University | F78: =COUNTIF(Master_Online!E:E,E78) -> 9 | G78: Approved | H78: A++ | I78: 3.54 | J78: 85 | L78: 2025
A79: 78 | B79: 78 | C79: Tamil Nadu | D79: Deemed-to-be University | E79: Dr. M.G.R. Educational and Research Institute | F79: =COUNTIF(Master_Online!E:E,E79) -> 7 | G79: Approved | H79: A+ | I79: 3.48 | L79: 2025 | O79: 4 | P79: Mixed
A80: 79 | B80: 79 | C80: Tamil Nadu | D80: Deemed-to-be University | E80: Shanmugha Arts, Science, Technology & Research Academy | F80: =COUNTIF(Master_Online!E:E,E80) -> 10 | G80: Approved | H80: A++ | I80: 3.76 | J80: 29 | L80: 2025
A81: 80 | B81: 80 | C81: Tamil Nadu | D81: Deemed-to-be University | E81: Sathyabama Institute of Science and Technology | F81: =COUNTIF(Master_Online!E:E,E81) -> 6 | G81: Approved | H81: A++ | I81: 3.73 | J81: 53 | L81: 2025 | O81: 10 | P81: All Valid
A82: 81 | B82: 81 | C82: Tamil Nadu | D82: Deemed-to-be University | E82: S.R.M. Institute of Sciences and Technology | F82: =COUNTIF(Master_Online!E:E,E82) -> 5 | G82: Approved | H82: A++ | I82: 3.58 | J82: 11 | K82: 56 | L82: 2025 | O82: 6 | P82: All Valid
A83: 82 | B83: 82 | C83: Tamil Nadu | D83: State University | E83: University of Madras | F83: =COUNTIF(Master_Online!E:E,E83) -> 9 | G83: Approved | H83: A++ | I83: 3.59 | J83: 38 | L83: 2025
A84: 83 | B84: 83 | C84: Tamil Nadu | D84: Deemed-to-be University | E84: Kalasalingam Academy of Research and Higher Education | F84: =COUNTIF(Master_Online!E:E,E84) -> 7 | G84: Approved | H84: A++ | I84: 3.51 | J84: 28 | L84: 2025 | O84: 8 | P84: Mixed
A85: 84 | B85: 84 | C85: Tamil Nadu | D85: Deemed-to-be University | E85: Amrita Vishwa Vidyapeetham University | F85: =COUNTIF(Master_Online!E:E,E85) -> 8 | G85: Approved | H85: A++ | I85: 3.7 | J85: 8 | K85: 26 | L85: 2025 | N85: Accredited | O85: 12 | P85: Mixed
A86: 85 | B86: 85 | C86: Tamil Nadu | D86: State University | E86: Alagappa University | F86: =COUNTIF(Master_Online!E:E,E86) -> 8 | G86: Approved | H86: A++ | I86: 3.59 | J86: 44 | L86: 2025
A87: 86 | B87: 86 | C87: Tamil Nadu | D87: State University | E87: Bharathiar University | F87: =COUNTIF(Master_Online!E:E,E87) -> 11 | G87: Approved | H87: A++ | I87: 3.63 | J87: 46 | L87: 2025
A88: 87 | B88: 87 | C88: Tamil Nadu | D88: Deemed-to-be University | E88: Vellore Institute of Technology | F88: =COUNTIF(Master_Online!E:E,E88) -> 4 | G88: Approved | H88: A++ | I88: 3.66 | J88: 14 | L88: 2025 | N88: Accredited
A89: 88 | B89: 88 | C89: Tamil Nadu | D89: State University | E89: Manonmaniam Sundaranar University | F89: =COUNTIF(Master_Online!E:E,E89) -> 10 | G89: Approved | H89: A+ | I89: 3.46 | L89: 2025
A90: 89 | B90: 89 | C90: Tamil Nadu | D90: Deemed-to-be University | E90: Hindustan Institute of Technology and Science (HITS) | F90: =COUNTIF(Master_Online!E:E,E90) -> 5 | G90: Approved | H90: A+ | I90: 3.48 | O90: 7 | P90: All Expired
A91: 90 | B91: 90 | C91: Tamil Nadu | D91: Deemed-to-be University | E91: Karunya Institute of Technology and Sciences | F91: =COUNTIF(Master_Online!E:E,E91) -> 2 | G91: Approved | H91: A++ | I91: 3.53 | O91: 6 | P91: Mixed
A92: 91 | B92: 91 | C92: Tamil Nadu | D92: Deemed-to-be University | E92: Meenakshi Academy of Higher Education and Research | F92: =COUNTIF(Master_Online!E:E,E92) -> 3 | G92: Approved | H92: A+ | I92: 3.5 | L92: 2025
A93: 92 | B93: 92 | C93: Tamil Nadu | D93: State University | E93: Anna University | F93: =COUNTIF(Master_Online!E:E,E93) -> 2 | G93: Approved | H93: A++ | I93: 3.54 | J93: 20 | K93: 88 | L93: 2025 | O93: 8 | P93: Mixed
A94: 93 | B94: 93 | C94: Tamil Nadu | D94: Deemed-to-be University | E94: Vel's Institute of Science, Technology & Advanced Studies (VISTAS) | F94: =COUNTIF(Master_Online!E:E,E94) -> 2 | G94: Approved | H94: A++ | I94: 3.52 | L94: 2025 | O94: 6 | P94: All Valid
A95: 94 | B95: 94 | C95: Tamil Nadu | D95: Deemed-to-be University | E95: Sri Ramachandra Institute of Higher Education and Research | F95: =COUNTIF(Master_Online!E:E,E95) -> 1 | G95: Approved | H95: A++ | I95: 3.53 | J95: 60 | L95: 2025
A96: 95 | B96: 95 | C96: Telangana | D96: Deemed-to-be University | E96: ICFAI Foundation for Higher Education | F96: =COUNTIF(Master_Online!E:E,E96) -> 2 | G96: Approved | H96: A++ | I96: 3.59 | K96: 46 | L96: 2025 | N96: Accredited
A97: 96 | B97: 96 | C97: Telangana | D97: Deemed-to-be University | E97: International Institute of Information Technology | F97: =COUNTIF(Master_Online!E:E,E97) -> 1 | G97: Approved | H97: A+ | I97: 3.37
A98: 97 | B98: 97 | C98: Uttar Pradesh | D98: Central University | E98: Aligarh Muslim University | F98: =COUNTIF(Master_Online!E:E,E98) -> 11 | G98: Approved | H98: A+ | I98: 3.35 | J98: 10 | K98: 69 | L98: 2025
A99: 98 | B99: 98 | C99: Uttar Pradesh | D99: Private University | E99: Amity University | F99: =COUNTIF(Master_Online!E:E,E99) -> 18 | G99: Approved | J99: 22 | K99: 49 | L99: 2025
A100: 99 | B100: 99 | C100: Uttar Pradesh | D100: Private University | E100: Sharda University | F100: =COUNTIF(Master_Online!E:E,E100) -> 7 | G100: Approved | H100: A | I100: 3.27 | J100: 87 | L100: 2025
...

Sheet Verification_Lookup
A1: UGC-DEB Online Programme Verification
A2: Type or paste a university name in B4 to verify UGC-DEB online approval.
A4: University Name (input): | B4: Lovely Professional University
A6: UGC-DEB Approved? | B6: =IF(COUNTIF(Master_Online!E:E,B4)>0,"YES — Approved","NOT FOUND in UGC-DEB online list") -> YES — Approved
A7: Number of Online Programmes Approved | B7: =COUNTIF(Master_Online!E:E,B4) -> 12
A8: State | B8: =IFERROR(INDEX(Master_Online!C:C,MATCH(B4,Master_Online!E:E,0)),"-") -> Punjab
A9: HEI Type | B9: =IFERROR(INDEX(Master_Online!D:D,MATCH(B4,Master_Online!E:E,0)),"-") -> Private University
A10: UGC S.No (in notice) | B10: =IFERROR(INDEX(Master_Online!B:B,MATCH(B4,Master_Online!E:E,0)),"-") -> 62
A11: MBA Online Approved? | B11: =IF(COUNTIFS(Master_Online!E:E,B4,Master_Online!G:G,"MBA")>0,"YES","NO") -> YES
A12: MCA Online Approved? | B12: =IF(COUNTIFS(Master_Online!E:E,B4,Master_Online!G:G,"MCA")>0,"YES","NO") -> YES
A13: BBA Online Approved? | B13: =IF(COUNTIFS(Master_Online!E:E,B4,Master_Online!G:G,"BBA")>0,"YES","NO") -> YES
A14: BCA Online Approved? | B14: =IF(COUNTIFS(Master_Online!E:E,B4,Master_Online!G:G,"BCA")>0,"YES","NO") -> YES
A16: Validity Status (latest match): | B16: =IFERROR(INDEX(Master_Online!N:N,MATCH(B4,Master_Online!E:E,0)),"-") -> Active (per Notice 1)
A17: Source Notice (latest match): | B17: =IFERROR(INDEX(Master_Online!K:K,MATCH(B4,Master_Online!E:E,0)),"-") -> Notice 1 (Jan 2026)
A18: =IFERROR(textjoin(CHAR(10),TRUE(),IF(Master_Online!E2:E2000=B4,Master_Online!F2:F2000,"")),"No matching programmes") -> No matching programmes
A40: AICTE Approved (MBA)? | B40: =IF(COUNTIFS(Master_Online!E:E,B4,Master_Online!G:G,"MBA",Master_Online!O:O,"Yes")>0,"YES","NO / N-A") -> NO / N-A
A41: AICTE Approved (MCA)? | B41: =IF(COUNTIFS(Master_Online!E:E,B4,Master_Online!G:G,"MCA",Master_Online!O:O,"Yes")>0,"YES","NO / N-A") -> NO / N-A
A42: AICTE Approved (BBA)? | B42: =IF(COUNTIFS(Master_Online!E:E,B4,Master_Online!G:G,"BBA",Master_Online!O:O,"Yes")>0,"YES","NO / N-A") -> NO / N-A
A43: AICTE Approved (BCA)? | B43: =IF(COUNTIFS(Master_Online!E:E,B4,Master_Online!G:G,"BCA",Master_Online!O:O,"Yes")>0,"YES","NO / N-A") -> NO / N-A
A45: NIRF 2025 — Overall Rank: | B45: =IFERROR(VLOOKUP(B4,NIRF_All_Rankings!D5:W200,4,FALSE()),"—") -> 49
A46: NIRF 2025 — University Rank: | B46: =IFERROR(VLOOKUP(B4,NIRF_All_Rankings!D5:W200,5,FALSE()),"—") -> 31
A47: NIRF 2025 — Research Rank: | B47: =IFERROR(VLOOKUP(B4,NIRF_All_Rankings!D5:W200,6,FALSE()),"—") -> 40
A48: NIRF 2025 — Engineering Rank: | B48: =IFERROR(VLOOKUP(B4,NIRF_All_Rankings!D5:W200,7,FALSE()),"—") -> 48
A49: NIRF 2025 — Management Rank: | B49: =IFERROR(VLOOKUP(B4,NIRF_All_Rankings!D5:W200,8,FALSE()),"—") -> 44
A50: NIRF 2025 — Pharmacy Rank: | B50: =IFERROR(VLOOKUP(B4,NIRF_All_Rankings!D5:W200,9,FALSE()),"—") -> 13
A51: NIRF 2025 — Medical Rank: | B51: =IFERROR(VLOOKUP(B4,NIRF_All_Rankings!D5:W200,10,FALSE()),"—") -> —
A52: NIRF 2025 — Dental Rank: | B52: =IFERROR(VLOOKUP(B4,NIRF_All_Rankings!D5:W200,11,FALSE()),"—") -> —
A53: NIRF 2025 — Law Rank: | B53: =IFERROR(VLOOKUP(B4,NIRF_All_Rankings!D5:W200,12,FALSE()),"—") -> 26
A54: NIRF 2025 — Architecture Rank: | B54: =IFERROR(VLOOKUP(B4,NIRF_All_Rankings!D5:W200,13,FALSE()),"—") -> 24
A55: NIRF 2025 — Agriculture Rank: | B55: =IFERROR(VLOOKUP(B4,NIRF_All_Rankings!D5:W200,14,FALSE()),"—") -> 17
A56: NIRF 2025 — Innovation Rank: | B56: =IFERROR(VLOOKUP(B4,NIRF_All_Rankings!D5:W200,15,FALSE()),"—") -> —
A57: NIRF 2025 — State Public Univ. Rank: | B57: =IFERROR(VLOOKUP(B4,NIRF_All_Rankings!D5:W200,16,FALSE()),"—") -> —
A58: NIRF 2025 — Open University Rank: | B58: =IFERROR(VLOOKUP(B4,NIRF_All_Rankings!D5:W200,17,FALSE()),"—") -> —
A59: NIRF 2025 — Skill University Rank: | B59: =IFERROR(VLOOKUP(B4,NIRF_All_Rankings!D5:W200,18,FALSE()),"—") -> —
A60: NIRF 2025 — SDG Rank: | B60: =IFERROR(VLOOKUP(B4,NIRF_All_Rankings!D5:W200,19,FALSE()),"—") -> —
A61: NIRF 2025 — College Rank: | B61: =IFERROR(VLOOKUP(B4,NIRF_All_Rankings!D5:W200,20,FALSE()),"—") -> —
A63: NAAC Grade: | B63: =IFERROR(INDEX(Master_Online!P:P,MATCH(B4,Master_Online!E:E,0)),"-") -> A++
A64: NAAC CGPA: | B64: =IFERROR(INDEX(Master_Online!Q:Q,MATCH(B4,Master_Online!E:E,0)),"-") -> 3.68
A65: NAAC Cycle Number: | B65: =IFERROR(INDEX(Master_Online!R:R,MATCH(B4,Master_Online!E:E,0)),"-") -> 1
A66: NAAC Declared On: | B66: =IFERROR(INDEX(Master_Online!S:S,MATCH(B4,Master_Online!E:E,0)),"-") -> 45150
A67: NAAC Validity Status: | B67: =IFERROR(INDEX(Master_Online!T:T,MATCH(B4,Master_Online!E:E,0)),"-") -> Valid
A69: AACSB Status: | B69: =IF(IFERROR(INDEX(University_Summary!N:N,MATCH(B4,University_Summary!E:E,0)),"-")=0,"Not in AACSB",IFERROR(INDEX(University_Summary!N:N,MATCH(B4,University_Summary!E:E,0)),"-")) -> Not in AACSB
A70: AACSB School Name(s): | B70: =IF(IFERROR(INDEX(Master_Online!W:W,MATCH(B4,Master_Online!E:E,0)),"-")=0,"—",IFERROR(INDEX(Master_Online!W:W,MATCH(B4,Master_Online!E:E,0)),"-")) -> —
A72: NBA-Accredited Courses (count): | B72: =IF(IFERROR(INDEX(University_Summary!O:O,MATCH(B4,University_Summary!E:E,0)),0)=0,"None / Not in NBA list",IFERROR(INDEX(University_Summary!O:O,MATCH(B4,University_Summary!E:E,0)),"-")) -> None / Not in NBA list
A73: NBA Status: | B73: =IF(IFERROR(INDEX(University_Summary!P:P,MATCH(B4,University_Summary!E:E,0)),"-")=0,"—",IFERROR(INDEX(University_Summary!P:P,MATCH(B4,University_Summary!E:E,0)),"-")) -> —
A74: NBA Domains Covered: | B74: =IF(IFERROR(INDEX(Master_Online!AB:AB,MATCH(B4,Master_Online!E:E,0)),"-")=0,"—",IFERROR(INDEX(Master_Online!AB:AB,MATCH(B4,Master_Online!E:E,0)),"-")) -> —

Sheet NIRF_All_Rankings
A1: NIRF 2025 Rankings — All Categories — UGC-DEB Online Universities
A2: Source: nirfindia.org India Rankings 2025. '—' means not ranked in that category.
A4: S.No | B4: State | C4: HEI Type | D4: University Name | E4: NIRF Match Score | F4: NIRF Match Name | G4: Overall | H4: University | I4: Research | J4: Engineering | K4: Management | L4: Pharmacy | M4: Medical | N4: Dental | O4: Law | P4: Architecture | Q4: Agriculture | R4: Innovation | S4: State Public | T4: Open | U4: Skill | V4: SDG | W4: College
A5: 1 | B5: Andhra Pradesh | C5: State University | D5: Andhra University | E5: 0.58 | F5: Andhra University, Visakhapatnam | G5: 41 | H5: 23 | I5: — | J5: — | K5: — | L5: — | M5: — | N5: — | O5: — | P5: — | Q5: — | R5: — | S5: 4 | T5: — | U5: — | V5: — | W5: —
A6: 2 | B6: Andhra Pradesh | C6: Deemed-to-be University | D6: Koneru Lakshmaiah Education Foundation | E6: 0.87 | F6: Koneru Lakshmaiah Education Foundation University (K L College of Engineering) | G6: 46 | H6: 26 | I6: — | J6: 35 | K6: 70 | L6: — | M6: — | N6: — | O6: — | P6: — | Q6: — | R6: — | S6: — | T6: — | U6: — | V6: — | W6: —
A7: 3 | B7: Andhra Pradesh | C7: Deemed-to-be University | D7: Vignan's Foundation for Science, Technology and Research | E7: 1 | F7: Vignan's Foundation for Science, Technology and Research | G7: — | H7: 70 | I7: — | J7: 80 | K7: — | L7: — | M7: — | N7: — | O7: — | P7: — | Q7: — | R7: — | S7: — | T7: — | U7: — | V7: — | W7: —
A8: 4 | B8: Andhra Pradesh | C8: Private University | D8: Mohan Babu University | E8: — | F8: — | G8: — | H8: — | I8: — | J8: — | K8: — | L8: — | M8: — | N8: — | O8: — | P8: — | Q8: — | R8: — | S8: — | T8: — | U8: — | V8: — | W8: —
A9: 5 | B9: Assam | C9: Private University | D9: Assam Down Town University | E9: — | F9: — | G9: — | H9: — | I9: — | J9: — | K9: — | L9: — | M9: — | N9: — | O9: — | P9: — | Q9: — | R9: — | S9: — | T9: — | U9: — | V9: — | W9: —
A10: 6 | B10: Chhattisgarh | C10: Central University | D10: Guru Ghasidas Vishwavidyalaya | E10: 0.8 | F10: Guru Ghasidas Vishwavidyalaya | G10: — | H10: — | I10: — | J10: — | K10: — | L10: 47 | M10: — | N10: — | O10: — | P10: — | Q10: — | R10: — | S10: — | T10: — | U10: — | V10: — | W10: —
A11: 7 | B11: Chhattisgarh | C11: Private University | D11: MATS University | E11: — | F11: — | G11: — | H11: — | I11: — | J11: — | K11: — | L11: — | M11: — | N11: — | O11: — | P11: — | Q11: — | R11: — | S11: — | T11: — | U11: — | V11: — | W11: —
A12: 8 | B12: Delhi | C12: Deemed-to-be University | D12: Jamia Hamdard | E12: 1 | F12: Jamia Hamdard | G12: 74 | H12: 47 | I12: — | J12: — | K12: 87 | L12: 1 | M12: 40 | N12: — | O12: — | P12: — | Q12: — | R12: — | S12: — | T12: — | U12: — | V12: — | W12: —
A13: 9 | B13: Delhi | C13: Central University | D13: Jamia Millia Islamia University | E13: 1 | F13: Jamia Millia Islamia | G13: 13 | H13: 4 | I13: 20 | J13: 24 | K13: 28 | L13: — | M13: — | N13: 17 | O13: 8 | P13: 5 | Q13: — | R13: — | S13: — | T13: — | U13: — | V13: 3 | W13: —
A14: 10 | B14: Delhi | C14: Central University | D14: Jawaharlal Nehru University | E14: 1 | F14: Jawaharlal Nehru University | G14: 9 | H14: 2 | I14: 21 | J14: — | K14: — | L14: — | M14: — | N14: — | O14: — | P14: — | Q14: — | R14: — | S14: — | T14: — | U14: — | V14: 7 | W14: —
A15: 11 | B15: Delhi | C15: Central University | D15: Central Sanskrit University | E15: — | F15: — | G15: — | H15: — | I15: — | J15: — | K15: — | L15: — | M15: — | N15: — | O15: — | P15: — | Q15: — | R15: — | S15: — | T15: — | U15: — | V15: — | W15: —
A16: 12 | B16: Delhi | C16: State University | D16: Guru Gobind Singh Indraprastha Vishwavidyalaya | E16: 0.84 | F16: Guru Gobind Singh Indraprastha University | G16: — | H16: 93 | I16: — | J16: — | K16: 76 | L16: — | M16: — | N16: — | O16: 22 | P16: 36 | Q16: — | R16: — | S16: 22 | T16: — | U16: — | V16: — | W16: —
A17: 13 | B17: Delhi | C17: Deemed-to-be University | D17: Indian Institute of Foreign Trade | E17: 1 | F17: Indian Institute of Foreign Trade | G17: — | H17: — | I17: — | J17: — | K17: 17 | L17: — | M17: — | N17: — | O17: — | P17: — | Q17: — | R17: — | S17: — | T17: — | U17: — | V17: — | W17: —
A18: 14 | B18: Gujarat | C18: State University | D18: Gujarat University | E18: 1 | F18: Gujarat University | G18: — | H18: 74 | I18: — | J18: — | K18: — | L18: — | M18: — | N18: — | O18: — | P18: — | Q18: — | R18: — | S18: 25 | T18: — | U18: — | V18: — | W18: —
A19: 15 | B19: Gujarat | C19: Private University | D19: Charotar University of Science & Technology | E19: — | F19: — | G19: — | H19: — | I19: — | J19: — | K19: — | L19: — | M19: — | N19: — | O19: — | P19: — | Q19: — | R19: — | S19: — | T19: — | U19: — | V19: — | W19: —
A20: 16 | B20: Gujarat | C20: State Open University | D20: Dr. Babasaheb Ambedkar Open University | E20: — | F20: — | G20: — | H20: — | I20: — | J20: — | K20: — | L20: — | M20: — | N20: — | O20: — | P20: — | Q20: — | R20: — | S20: — | T20: — | U20: — | V20: — | W20: —
A21: 17 | B21: Gujarat | C21: Private University | D21: Parul University | E21: 1 | F21: Parul University | G21: — | H21: — | I21: — | J21: — | K21: — | L21: 41 | M21: — | N21: — | O21: — | P21: — | Q21: — | R21: — | S21: — | T21: — | U21: — | V21: — | W21: —
A22: 18 | B22: Gujarat | C22: Private University | D22: Marwadi University | E22: — | F22: — | G22: — | H22: — | I22: — | J22: — | K22: — | L22: — | M22: — | N22: — | O22: — | P22: — | Q22: — | R22: — | S22: — | T22: — | U22: — | V22: — | W22: —
A23: 19 | B23: Gujarat | C23: State University | D23: Gujarat Technological University | E23: 1 | F23: Gujarat Technological University | G23: — | H23: — | I23: — | J23: — | K23: — | L23: 58 | M23: — | N23: — | O23: — | P23: — | Q23: — | R23: — | S23: — | T23: — | U23: — | V23: — | W23: —
A24: 20 | B24: Gujarat | C24: Private University | D24: G.L.S. University | E24: — | F24: — | G24: — | H24: — | I24: — | J24: — | K24: — | L24: — | M24: — | N24: — | O24: — | P24: — | Q24: — | R24: — | S24: — | T24: — | U24: — | V24: — | W24: —
A25: 21 | B25: Gujarat | C25: Private University | D25: P.P. Savani University | E25: — | F25: — | G25: — | H25: — | I25: — | J25: — | K25: — | L25: — | M25: — | N25: — | O25: — | P25: — | Q25: — | R25: — | S25: — | T25: — | U25: — | V25: — | W25: —
A26: 22 | B26: Haryana | C26: State University | D26: Guru Jambheshwar University of Science and Technology | E26: 0.83 | F26: Guru Jambheshwar University of Science and Technology, Hissar | G26: — | H26: — | I26: — | J26: — | K26: — | L26: 49 | M26: — | N26: — | O26: — | P26: — | Q26: — | R26: — | S26: 32 | T26: — | U26: — | V26: — | W26: —
A27: 23 | B27: Haryana | C27: State University | D27: Kurukshetra University | E27: 1 | F27: Kurukshetra University | G27: — | H27: — | I27: — | J27: — | K27: — | L27: — | M27: — | N27: — | O27: — | P27: — | Q27: — | R27: — | S27: 35 | T27: — | U27: — | V27: — | W27: —
A28: 24 | B28: Haryana | C28: State University | D28: Maharshi Dayanand University | E28: 1 | F28: Maharshi Dayanand University | G28: — | H28: — | I28: — | J28: — | K28: — | L28: 43 | M28: — | N28: — | O28: — | P28: — | Q28: — | R28: — | S28: 46 | T28: — | U28: — | V28: — | W28: —
A29: 25 | B29: Haryana | C29: Deemed-to-be University | D29: Maharishi Markandeshwar | E29: 0.86 | F29: Maharishi Markandeshwar | G29: — | H29: 85 | I29: — | J29: — | K29: — | L29: 26 | M29: 33 | N29: — | O29: — | P29: — | Q29: — | R29: — | S29: — | T29: — | U29: — | V29: — | W29: —
A30: 26 | B30: Haryana | C30: Deemed-to-be University | D30: Manav Rachna International Institute of Research & Studies | E30: 0.99 | F30: Manav Rachna International Institute of Research & Studies | G30: — | H30: 96 | I30: — | J30: — | K30: — | L30: — | M30: — | N30: 33 | O30: — | P30: — | Q30: — | R30: — | S30: — | T30: — | U30: — | V30: — | W30: —
A31: 27 | B31: Haryana | C31: Private University | D31: Shree Guru Gobind Singh Tricentenary University | E31: 1 | F31: Shree Guru Gobind Singh Tricentenary University | G31: — | H31: — | I31: — | J31: — | K31: — | L31: 100 | M31: — | N31: — | O31: — | P31: — | Q31: — | R31: — | S31: — | T31: — | U31: — | V31: — | W31: —
A32: 28 | B32: Himachal Pradesh | C32: Private University | D32: Shoolini University of Biotechnology and Management Sciences | E32: 1 | F32: Shoolini University of Biotechnology and Management Sciences | G32: — | H32: 69 | I32: — | J32: — | K32: — | L32: 44 | M32: — | N32: — | O32: — | P32: — | Q32: — | R32: — | S32: — | T32: — | U32: — | V32: — | W32: —
A33: 29 | B33: Himachal Pradesh | C33: Central University | D33: Central University of Himachal Pradesh | E33: — | F33: — | G33: — | H33: — | I33: — | J33: — | K33: — | L33: — | M33: — | N33: — | O33: — | P33: — | Q33: — | R33: — | S33: — | T33: — | U33: — | V33: — | W33: —
A34: 30 | B34: Jammu & Kashmir | C34: State University | D34: University of Jammu | E34: 1 | F34: University of Jammu | G34: 87 | H34: 51 | I34: — | J34: — | K34: — | L34: — | M34: — | N34: — | O34: — | P34: — | Q34: — | R34: — | S34: 21 | T34: — | U34: — | V34: — | W34: —
A35: 31 | B35: Jharkhand | C35: Deemed-to-be University | D35: Birla Institute of Technology | E35: 1 | F35: Birla Institute of Technology | G35: — | H35: 92 | I35: — | J35: 51 | K35: 97 | L35: 28 | M35: — | N35: — | O35: — | P35: 22 | Q35: — | R35: — | S35: — | T35: — | U35: — | V35: — | W35: —
A36: 32 | B36: Karnataka | C36: Deemed-to-be University | D36: Jain (Deemed-to-be University) | E36: 0.55 | F36: Jain university,Bangalore | G36: — | H36: 62 | I36: — | J36: 84 | K36: 73 | L36: — | M36: — | N36: — | O36: — | P36: — | Q36: — | R36: — | S36: — | T36: — | U36: — | V36: — | W36: —
A37: 33 | B37: Karnataka | C37: Deemed-to-be University | D37: JSS Academy of Education and Research | E37: 1.02 | F37: JSS Academy of Higher Education and Research | G37: 38 | H37: 21 | I37: — | J37: — | K37: — | L37: 4 | M37: 37 | N37: 10 | O37: — | P37: — | Q37: — | R37: — | S37: — | T37: — | U37: — | V37: — | W37: —
A38: 34 | B38: Karnataka | C38: Deemed-to-be University | D38: Manipal Academy of Higher Education | E38: 1 | F38: Manipal Academy of Higher Education-Manipal | G38: 14 | H38: 3 | I38: 19 | J38: 59 | K38: 39 | L38: 8 | M38: 10 | N38: 5 | O38: — | P38: 27 | Q38: — | R38: — | S38: — | T38: — | U38: — | V38: 5 | W38: —
A39: 35 | B39: Karnataka | C39: State University | D39: Bangalore University | E39: 1 | F39: Bangalore University | G39: — | H39: 65 | I39: — | J39: — | K39: — | L39: — | M39: — | N39: — | O39: — | P39: — | Q39: — | R39: — | S39: 26 | T39: — | U39: — | V39: — | W39: —
A40: 36 | B40: Karnataka | C40: State University | D40: University of Mysore | E40: 0.82 | F40: Mysore University | G40: — | H40: 71 | I40: — | J40: — | K40: — | L40: — | M40: — | N40: — | O40: — | P40: — | Q40: — | R40: — | S40: 20 | T40: — | U40: — | V40: — | W40: —
A41: 37 | B41: Karnataka | C41: Deemed-to-be University | D41: Yenepoya | E41: — | F41: — | G41: — | H41: — | I41: — | J41: — | K41: — | L41: — | M41: — | N41: — | O41: — | P41: — | Q41: — | R41: — | S41: — | T41: — | U41: — | V41: — | W41: —
A42: 38 | B42: Karnataka | C42: State University | D42: Visvesvaraya Technological University | E42: 1 | F42: Visvesvaraya Technological University | G42: — | H42: — | I42: — | J42: — | K42: — | L42: — | M42: — | N42: — | O42: — | P42: — | Q42: — | R42: — | S42: 50 | T42: — | U42: — | V42: — | W42: —
A43: 39 | B43: Karnataka | C43: State Open University | D43: Karnataka State Open University | E43: 0.86 | F43: Karnataka State Open University, Mysore | G43: — | H43: — | I43: — | J43: — | K43: — | L43: — | M43: — | N43: — | O43: — | P43: — | Q43: — | R43: — | S43: — | T43: 2 | U43: — | V43: — | W43: —
A44: 40 | B44: Karnataka | C44: Deemed-to-be University | D44: Christ (Deemed to be University) | E44: 1 | F44: Christ University | G44: 96 | H44: 63 | I44: — | J44: 76 | K44: 57 | L44: — | M44: — | N44: — | O44: 24 | P44: 34 | Q44: — | R44: — | S44: — | T44: — | U44: — | V44: — | W44: —
A45: 41 | B45: Karnataka | C45: Private University | D45: Dayanand Sagar University | E45: — | F45: — | G45: — | H45: — | I45: — | J45: — | K45: — | L45: — | M45: — | N45: — | O45: — | P45: — | Q45: — | R45: — | S45: — | T45: — | U45: — | V45: — | W45: —
A46: 42 | B46: Karnataka | C46: Private University | D46: Alliance University | E46: 1 | F46: Alliance University | G46: — | H46: — | I46: — | J46: — | K46: 71 | L46: — | M46: — | N46: — | O46: 20 | P46: — | Q46: — | R46: — | S46: — | T46: — | U46: — | V46: — | W46: —
A47: 43 | B47: Karnataka | C47: Private University | D47: Adichunchanagiri University | E47: — | F47: — | G47: — | H47: — | I47: — | J47: — | K47: — | L47: — | M47: — | N47: — | O47: — | P47: — | Q47: — | R47: — | S47: — | T47: — | U47: — | V47: — | W47: —
A48: 44 | B48: Kerala | C48: State University | D48: Mahatma Gandhi University | E48: 0.74 | F48: Mahatma Gandhi University, Kottayam | G48: 79 | H48: 43 | I48: — | J48: — | K48: — | L48: — | M48: — | N48: — | O48: — | P48: — | Q48: — | R48: — | S48: 17 | T48: — | U48: — | V48: — | W48: —
A49: 45 | B49: Kerala | C49: State University | D49: University of Kerala | E49: 0.82 | F49: Kerala University | G49: 42 | H49: 25 | I49: — | J49: — | K49: — | L49: — | M49: — | N49: — | O49: — | P49: — | Q49: — | R49: — | S49: 5 | T49: — | U49: — | V49: — | W49: —
A50: 46 | B50: Madhya Pradesh | C50: State University | D50: Devi Ahilya Vishwavidyalaya | E50: 1 | F50: Devi Ahilya Vishwavidyalaya | G50: — | H50: — | I50: — | J50: — | K50: — | L50: — | M50: — | N50: — | O50: — | P50: — | Q50: — | R50: — | S50: 49 | T50: — | U50: — | V50: — | W50: —
A51: 47 | B51: Madhya Pradesh | C51: Private University | D51: SAGE University | E51: — | F51: — | G51: — | H51: — | I51: — | J51: — | K51: — | L51: — | M51: — | N51: — | O51: — | P51: — | Q51: — | R51: — | S51: — | T51: — | U51: — | V51: — | W51: —
A52: 48 | B52: Maharashtra | C52: Deemed-to-be University | D52: Dr. D.Y. Patil Vidyapeeth (Pune) | E52: 0.76 | F52: Dr. D. Y. Patil Vidyapeeth | G52: 71 | H52: 41 | I52: — | J52: — | K52: — | L52: — | M52: 12 | N52: 4 | O52: — | P52: — | Q52: — | R52: — | S52: — | T52: — | U52: — | V52: — | W52: —
A53: 49 | B53: Maharashtra | C53: Deemed-to-be University | D53: D.Y. Patil (Navi Mumbai) | E53: 0.81 | F53: Padmashree Dr. D. Y. Patil Vidyapeeth, Mumbai | G53: — | H53: 91 | I53: — | J53: — | K53: — | L53: — | M53: — | N53: — | O53: — | P53: — | Q53: — | R53: — | S53: — | T53: — | U53: — | V53: — | W53: —
A54: 50 | B54: Maharashtra | C54: Deemed-to-be University | D54: Symbiosis International | E54: 0.89 | F54: Symbiosis International | G54: 40 | H54: 24 | I54: — | J54: 46 | K54: 11 | L54: — | M54: — | N54: — | O54: 7 | P54: — | Q54: — | R54: — | S54: — | T54: — | U54: — | V54: — | W54: —
A55: 51 | B55: Maharashtra | C55: Deemed-to-be University | D55: Bharati Vidyapeeth | E55: 0.87 | F55: Bharati Vidyapeeth | G55: — | H55: 59 | I55: — | J55: — | K55: — | L55: — | M55: — | N55: — | O55: — | P55: — | Q55: — | R55: — | S55: — | T55: — | U55: — | V55: — | W55: —
A56: 52 | B56: Maharashtra | C56: Deemed-to-be University | D56: Datta Meghe Institute of Higher Education and Research | E56: 1 | F56: Datta Meghe Institute of Higher Education and Research | G56: 84 | H56: 49 | I56: — | J56: — | K56: — | L56: — | M56: 20 | N56: 36 | O56: — | P56: — | Q56: — | R56: — | S56: — | T56: — | U56: — | V56: — | W56: —
A57: 53 | B57: Maharashtra | C57: State University | D57: University of Mumbai | E57: 0.82 | F57: Mumbai University | G57: 92 | H57: 54 | I57: — | J57: — | K57: — | L57: — | M57: — | N57: — | O57: — | P57: — | Q57: — | R57: — | S57: 12 | T57: — | U57: — | V57: — | W57: —
A58: 54 | B58: Maharashtra | C58: Deemed-to-be University | D58: Narsee Monjee Institute of Management Studies (NMIMS) | E58: 0.76 | F58: SVKM`s Narsee Monjee Institute of Management Studies | G58: 95 | H58: 52 | I58: — | J58: — | K58: 24 | L58: 11 | M58: — | N58: — | O58: — | P58: — | Q58: — | R58: — | S58: — | T58: — | U58: — | V58: — | W58: —
A59: 55 | B59: Maharashtra | C59: State University | D59: Shivaji University | E59: 1 | F59: Shivaji University | G59: — | H59: — | I59: — | J59: — | K59: — | L59: — | M59: — | N59: — | O59: — | P59: — | Q59: — | R59: — | S59: 45 | T59: — | U59: — | V59: — | W59: —
A60: 56 | B60: Maharashtra | C60: State University | D60: Savitribai Phule Pune University | E60: 1 | F60: Savitribai Phule Pune University | G60: 91 | H60: 56 | I60: — | J60: — | K60: — | L60: — | M60: — | N60: — | O60: — | P60: — | Q60: — | R60: — | S60: 11 | T60: — | U60: — | V60: — | W60: —
A61: 57 | B61: Mizoram | C61: Central University | D61: Mizoram University | E61: 1 | F61: Mizoram University | G61: — | H61: 82 | I61: — | J61: — | K61: — | L61: — | M61: — | N61: — | O61: — | P61: — | Q61: — | R61: — | S61: — | T61: — | U61: — | V61: — | W61: —
A62: 58 | B62: Odisha | C62: Deemed-to-be University | D62: Kalinga Institute of Industrial Technology | E62: 1 | F62: Kalinga Institute of Industrial Technology | G62: 27 | H62: 17 | I62: 43 | J62: 36 | K62: 68 | L62: — | M62: 24 | N62: 26 | O62: 14 | P62: — | Q62: — | R62: — | S62: — | T62: — | U62: — | V62: — | W62: —
A63: 59 | B63: Odisha | C63: Private University | D63: Centurion University of Technology and Management | E63: — | F63: — | G63: — | H63: — | I63: — | J63: — | K63: — | L63: — | M63: — | N63: — | O63: — | P63: — | Q63: — | R63: — | S63: — | T63: — | U63: — | V63: — | W63: —
A64: 60 | B64: Punjab | C64: Private University | D64: Chandigarh University | E64: 1 | F64: Chandigarh University | G64: 32 | H64: 19 | I64: 34 | J64: 31 | K64: 32 | L64: 15 | M64: — | N64: — | O64: — | P64: 14 | Q64: — | R64: — | S64: — | T64: — | U64: — | V64: — | W64: —
A65: 61 | B65: Punjab | C65: Private University | D65: Chitkara University | E65: 1 | F65: Chitkara University | G65: — | H65: 78 | I65: — | J65: 89 | K65: 78 | L65: 16 | M65: — | N65: — | O65: — | P65: 38 | Q65: — | R65: — | S65: — | T65: — | U65: — | V65: — | W65: —
A66: 62 | B66: Punjab | C66: Private University | D66: Lovely Professional University | E66: 1 | F66: Lovely Professional University | G66: 49 | H66: 31 | I66: 40 | J66: 48 | K66: 44 | L66: 13 | M66: — | N66: — | O66: 26 | P66: 24 | Q66: 17 | R66: — | S66: — | T66: — | U66: — | V66: — | W66: —
A67: 63 | B67: Punjab | C67: State University | D67: Guru Nanak Dev University | E67: — | F67: — | G67: — | H67: — | I67: — | J67: — | K67: — | L67: — | M67: — | N67: — | O67: — | P67: — | Q67: — | R67: — | S67: — | T67: — | U67: — | V67: — | W67: —
A68: 64 | B68: Punjab | C68: Private University | D68: Guru Kashi University | E68: — | F68: — | G68: — | H68: — | I68: — | J68: — | K68: — | L68: — | M68: — | N68: — | O68: — | P68: — | Q68: — | R68: — | S68: — | T68: — | U68: — | V68: — | W68: —
A69: 65 | B69: Punjab | C69: Private University | D69: Desh Bhagat University | E69: — | F69: — | G69: — | H69: — | I69: — | J69: — | K69: — | L69: — | M69: — | N69: — | O69: — | P69: — | Q69: — | R69: — | S69: — | T69: — | U69: — | V69: — | W69: —
A70: 66 | B70: Rajasthan | C70: Private University | D70: Manipal University | E70: 1 | F70: Manipal University Jaipur | G70: 98 | H70: 58 | I70: — | J70: 58 | K70: 81 | L70: — | M70: — | N70: — | O70: 32 | P70: 21 | Q70: — | R70: — | S70: — | T70: — | U70: — | V70: — | W70: —
A71: 67 | B71: Rajasthan | C71: Private University | D71: Vivekananda Global University | E71: — | F71: — | G71: — | H71: — | I71: — | J71: — | K71: — | L71: — | M71: — | N71: — | O71: — | P71: — | Q71: — | R71: — | S71: — | T71: — | U71: — | V71: — | W71: —
A72: 68 | B72: Rajasthan | C72: Deemed-to-be University | D72: Banasthali Vidyapith | E72: 1 | F72: Banasthali Vidyapith | G72: — | H72: 66 | I72: — | J72: 71 | K72: — | L72: 22 | M72: — | N72: — | O72: — | P72: — | Q72: — | R72: — | S72: — | T72: — | U72: — | V72: — | W72: —
A73: 69 | B73: Rajasthan | C73: Private University | D73: Mody University of Science and Technology | E73: — | F73: — | G73: — | H73: — | I73: — | J73: — | K73: — | L73: — | M73: — | N73: — | O73: — | P73: — | Q73: — | R73: — | S73: — | T73: — | U73: — | V73: — | W73: —
A74: 70 | B74: Rajasthan | C74: Private University | D74: Amity University Rajasthan | E74: — | F74: — | G74: — | H74: — | I74: — | J74: — | K74: — | L74: — | M74: — | N74: — | O74: — | P74: — | Q74: — | R74: — | S74: — | T74: — | U74: — | V74: — | W74: —
A75: 71 | B75: Rajasthan | C75: Private University | D75: Jaipur National University | E75: — | F75: — | G75: — | H75: — | I75: — | J75: — | K75: — | L75: — | M75: — | N75: — | O75: — | P75: — | Q75: — | R75: — | S75: — | T75: — | U75: — | V75: — | W75: —
A76: 72 | B76: Sikkim | C76: Private University | D76: Sikkim Manipal University | E76: — | F76: — | G76: — | H76: — | I76: — | J76: — | K76: — | L76: — | M76: — | N76: — | O76: — | P76: — | Q76: — | R76: — | S76: — | T76: — | U76: — | V76: — | W76: —
A77: 73 | B77: Sikkim | C77: Private University | D77: Shri Ramasamy Memorial University | E77: — | F77: — | G77: — | H77: — | I77: — | J77: — | K77: — | L77: — | M77: — | N77: — | O77: — | P77: — | Q77: — | R77: — | S77: — | T77: — | U77: — | V77: — | W77: —
A78: 74 | B78: Tamil Nadu | C78: State University | D78: Bharathidasan University | E78: 1 | F78: Bharathidasan University | G78: 61 | H78: 36 | I78: — | J78: — | K78: — | L78: — | M78: — | N78: — | O78: — | P78: — | Q78: — | R78: — | S78: 16 | T78: — | U78: — | V78: — | W78: —
A79: 75 | B79: Tamil Nadu | C79: Deemed-to-be University | D79: Bharath Institute of Higher Education and Research | E79: 0.98 | F79: Bharath Institute of Higher Education & Research | G79: 90 | H79: 76 | I79: — | J79: — | K79: — | L79: — | M79: — | N79: — | O79: — | P79: — | Q79: — | R79: — | S79: — | T79: — | U79: — | V79: — | W79: —
A80: 76 | B80: Tamil Nadu | C80: Deemed-to-be University | D80: B.S Abdur Rahman Institute of Science and Technology | E80: — | F80: — | G80: — | H80: — | I80: — | J80: — | K80: — | L80: — | M80: — | N80: — | O80: — | P80: — | Q80: — | R80: — | S80: — | T80: — | U80: — | V80: — | W80: —
A81: 77 | B81: Tamil Nadu | C81: State University | D81: Madurai Kamaraj University | E81: 1 | F81: Madurai Kamaraj University | G81: — | H81: 85 | I81: — | J81: — | K81: — | L81: — | M81: — | N81: — | O81: — | P81: — | Q81: — | R81: — | S81: 31 | T81: — | U81: — | V81: — | W81: —
A82: 78 | B82: Tamil Nadu | C82: Deemed-to-be University | D82: Dr. M.G.R. Educational and Research Institute | E82: 1 | F82: Dr. M. G. R. Educational and Research Institute | G82: — | H82: — | I82: — | J82: — | K82: — | L82: — | M82: — | N82: 30 | O82: — | P82: 32 | Q82: — | R82: — | S82: — | T82: — | U82: — | V82: — | W82: —
A83: 79 | B83: Tamil Nadu | C83: Deemed-to-be University | D83: Shanmugha Arts, Science, Technology & Research Academy | E83: 1.05 | F83: Shanmugha Arts Science Technology & Research Academy | G83: 51 | H83: 29 | I83: — | J83: 40 | K83: — | L83: — | M83: — | N83: — | O83: 11 | P83: — | Q83: — | R83: — | S83: — | T83: — | U83: — | V83: — | W83: —
A84: 80 | B84: Tamil Nadu | C84: Deemed-to-be University | D84: Sathyabama Institute of Science and Technology | E84: 1 | F84: Sathyabama Institute of Science and Technology | G84: 93 | H84: 53 | I84: — | J84: 67 | K84: — | L84: — | M84: — | N84: — | O84: — | P84: — | Q84: — | R84: — | S84: — | T84: — | U84: — | V84: — | W84: —
A85: 81 | B85: Tamil Nadu | C85: Deemed-to-be University | D85: S.R.M. Institute of Sciences and Technology | E85: 1 | F85: S.R.M. Institute of Science and Technology | G85: 22 | H85: 11 | I85: 25 | J85: 14 | K85: 56 | L85: 10 | M85: 18 | N85: — | O85: 25 | P85: 18 | Q85: 33 | R85: — | S85: — | T85: — | U85: — | V85: 4 | W85: —
A86: 82 | B86: Tamil Nadu | C86: State University | D86: University of Madras | E86: 1 | F86: University of Madras | G86: 68 | H86: 38 | I86: — | J86: — | K86: — | L86: — | M86: — | N86: — | O86: — | P86: — | Q86: — | R86: — | S86: 18 | T86: — | U86: — | V86: — | W86: —
A87: 83 | B87: Tamil Nadu | C87: Deemed-to-be University | D87: Kalasalingam Academy of Research and Higher Education | E87: 1 | F87: Kalasalingam Academy of Research and Education | G87: 48 | H87: 28 | I87: — | J87: 33 | K87: — | L87: — | M87: — | N87: — | O87: — | P87: — | Q87: — | R87: — | S87: — | T87: — | U87: — | V87: — | W87: —
A88: 84 | B88: Tamil Nadu | C88: Deemed-to-be University | D88: Amrita Vishwa Vidyapeetham University | E88: 1 | F88: Amrita Vishwa Vidyapeetham | G88: 17 | H88: 8 | I88: 31 | J88: 23 | K88: 26 | L88: 14 | M88: 9 | N88: 14 | O88: — | P88: — | Q88: — | R88: — | S88: — | T88: — | U88: — | V88: — | W88: —
A89: 85 | B89: Tamil Nadu | C89: State University | D89: Alagappa University | E89: 1 | F89: Alagappa University | G89: 73 | H89: 44 | I89: — | J89: — | K89: — | L89: — | M89: — | N89: — | O89: — | P89: — | Q89: — | R89: — | S89: 14 | T89: — | U89: — | V89: — | W89: —
A90: 86 | B90: Tamil Nadu | C90: State University | D90: Bharathiar University | E90: 1 | F90: Bharathiar University | G90: 76 | H90: 46 | I90: — | J90: — | K90: — | L90: — | M90: — | N90: — | O90: — | P90: — | Q90: — | R90: — | S90: 10 | T90: — | U90: — | V90: — | W90: —
A91: 87 | B91: Tamil Nadu | C91: Deemed-to-be University | D91: Vellore Institute of Technology | E91: 1 | F91: Vellore Institute of Technology | G91: 21 | H91: 14 | I91: 14 | J91: 16 | K91: — | L91: — | M91: — | N91: — | O91: — | P91: — | Q91: — | R91: — | S91: — | T91: — | U91: — | V91: — | W91: —
A92: 88 | B92: Tamil Nadu | C92: State University | D92: Manonmaniam Sundaranar University | E92: 0.74 | F92: Manonmaniam Sundaranar University, Tirunelveli | G92: — | H92: — | I92: — | J92: — | K92: — | L92: — | M92: — | N92: — | O92: — | P92: — | Q92: — | R92: — | S92: 33 | T92: — | U92: — | V92: — | W92: —
A93: 89 | B93: Tamil Nadu | C93: Deemed-to-be University | D93: Hindustan Institute of Technology and Science (HITS) | E93: — | F93: — | G93: — | H93: — | I93: — | J93: — | K93: — | L93: — | M93: — | N93: — | O93: — | P93: — | Q93: — | R93: — | S93: — | T93: — | U93: — | V93: — | W93: —
A94: 90 | B94: Tamil Nadu | C94: Deemed-to-be University | D94: Karunya Institute of Technology and Sciences | E94: — | F94: — | G94: — | H94: — | I94: — | J94: — | K94: — | L94: — | M94: — | N94: — | O94: — | P94: — | Q94: — | R94: — | S94: — | T94: — | U94: — | V94: — | W94: —
A95: 91 | B95: Tamil Nadu | C95: Deemed-to-be University | D95: Meenakshi Academy of Higher Education and Research | E95: 1.05 | F95: Meenakshi Academy of Higher Education and Research | G95: — | H95: — | I95: — | J95: — | K95: — | L95: — | M95: — | N95: 16 | O95: — | P95: — | Q95: — | R95: — | S95: — | T95: — | U95: — | V95: — | W95: —
A96: 92 | B96: Tamil Nadu | C96: State University | D96: Anna University | E96: 1 | F96: Anna University | G96: 29 | H96: 20 | I96: 26 | J96: 20 | K96: 88 | L96: — | M96: — | N96: — | O96: — | P96: 28 | Q96: — | R96: 9 | S96: 2 | T96: — | U96: — | V96: — | W96: —
A97: 93 | B97: Tamil Nadu | C97: Deemed-to-be University | D97: Vel's Institute of Science, Technology & Advanced Studies (VISTAS) | E97: 0.99 | F97: Vels Institute of Science Technology and Advanced Studies (VISTAS) | G97: — | H97: — | I97: — | J97: — | K97: — | L97: 61 | M97: — | N97: — | O97: — | P97: — | Q97: — | R97: — | S97: — | T97: — | U97: — | V97: — | W97: —
A98: 94 | B98: Tamil Nadu | C98: Deemed-to-be University | D98: Sri Ramachandra Institute of Higher Education and Research | E98: 1 | F98: Sri Ramachandra Institute of Higher Education and Research | G98: — | H98: 60 | I98: — | J98: — | K98: — | L98: 36 | M98: 21 | N98: 13 | O98: — | P98: — | Q98: — | R98: — | S98: — | T98: — | U98: — | V98: — | W98: —
A99: 95 | B99: Telangana | C99: Deemed-to-be University | D99: ICFAI Foundation for Higher Education | E99: 0.65 | F99: ICFAI Foundation for Higher Education, Hyderabad | G99: — | H99: — | I99: — | J99: — | K99: 46 | L99: — | M99: — | N99: — | O99: 31 | P99: — | Q99: — | R99: — | S99: — | T99: — | U99: — | V99: — | W99: —
A100: 96 | B100: Telangana | C100: Deemed-to-be University | D100: International Institute of Information Technology | E100: — | F100: — | G100: — | H100: — | I100: — | J100: — | K100: — | L100: — | M100: — | N100: — | O100: — | P100: — | Q100: — | R100: — | S100: — | T100: — | U100: — | V100: — | W100: —
A101: 97 | B101: Uttar Pradesh | C101: Central University | D101: Aligarh Muslim University | E101: 1 | F101: Aligarh Muslim University | G101: 19 | H101: 10 | I101: 28 | J101: 34 | K101: 69 | L101: — | M101: 29 | N101: 28 | O101: 9 | P101: 26 | Q101: — | R101: — | S101: — | T101: — | U101: — | V101: — | W101: —
...

Sheet NIRF_Constituent_Schools
A1: NIRF rankings via constituent schools — attribution log
A2: NIRF ranks individual schools within deemed universities separately. When a school is genuinely part of a UGC-DEB umbrella university, we attribute that rank to the umbrella with a 'via [school]' note. Reading rows: the umbrella in column A; the NIRF-listed school name in column C; the rank that school holds.
A4: UGC-DEB University (umbrella) | B4: NIRF Category | C4: NIRF-Listed School | D4: Rank | E4: Score | F4: Notes
A5: Symbiosis International | B5: Management | C5: Symbiosis Institute of Business Management | D5: 11 | E5: 67.9 | F5: Constituent school of umbrella deemed university
A6: Symbiosis International | B6: Law | C6: Symbiosis Law School, Pune | D6: 7 | E6: 74.07 | F6: Constituent school of umbrella deemed university
A7: Manipal Academy of Higher Education | B7: Management | C7: T. A. Pai Management Institute Manipal | D7: 39 | E7: — | F7: Constituent school of umbrella deemed university
A8: Manipal Academy of Higher Education | B8: Engineering | C8: Manipal Institute of Technology | D8: 59 | E8: — | F8: Constituent school of umbrella deemed university
A9: Manipal Academy of Higher Education | B9: Pharmacy | C9: Manipal College of Pharmaceutical Sciences, Manipal | D9: 8 | E9: — | F9: Constituent school of umbrella deemed university
A10: Manipal Academy of Higher Education | B10: Medical | C10: Kasturba Medical College, Manipal | D10: 10 | E10: — | F10: Constituent school of umbrella deemed university
A11: Manipal Academy of Higher Education | B11: Dental | C11: Manipal College of Dental Sciences, Manipal | D11: 5 | E11: — | F11: Constituent school of umbrella deemed university
A12: Manipal Academy of Higher Education | B12: Architecture | C12: Manipal School of Architecture and Planning, MAHE | D12: 27 | E12: — | F12: Constituent school of umbrella deemed university
A13: JSS Academy of Education and Research | B13: Pharmacy | C13: JSS College of Pharmacy | D13: 4 | E13: — | F13: Constituent school of umbrella deemed university
A14: JSS Academy of Education and Research | B14: Medical | C14: JSS Medical College, Mysore | D14: 37 | E14: — | F14: Constituent school of umbrella deemed university
A15: JSS Academy of Education and Research | B15: Dental | C15: JSS Dental College and Hospital | D15: 10 | E15: — | F15: Constituent school of umbrella deemed university

Sheet Stats
A1: UGC-DEB Online Programmes — Snapshot
A3: Total programmes: | B3: =COUNTA(Master_Online!F2:F2000) -> 796
A4: Total universities: | B4: =SUMPRODUCT(1/COUNTIF(Master_Online!E2:E2000,Master_Online!E2:E2000&"")) -> 124
A6: Programmes by State | B6: Count | D6: Programmes by Category | E6: Count | G6: Programmes by UGC Notice | H6: Count | J6: AICTE Approval Breakdown | K6: Count | M6: NIRF 2025 Coverage | N6: Count | P6: NAAC Grade Distribution | Q6: Universities | S6: AACSB Coverage | T6: Universities | V6: NBA Coverage | W6: Universities
A7: Andhra Pradesh | B7: =COUNTIF(Master_Online!C:C,A7) -> 31 | D7: Acharya (PG) | E7: =COUNTIF(Master_Online!G:G,D7) -> 3 | G7: Notice 1 (Jan 2026) | H7: =COUNTIF(Master_Online!K:K,"Notice 1 (Jan 2026)") -> 750 | J7: Yes — UGC + AICTE both | K7: =COUNTIF(Master_Online!O:O,"Yes") -> 111 | M7: Universities matched to NIRF | N7: =COUNTA(NIRF_All_Rankings!E5:E200)-COUNTIF(NIRF_All_Rankings!E5:E200,"—") -> 80 | P7: A++ | Q7: =COUNTIF(University_Summary!H:H,"A++") -> 49 | S7: Has AACSB-accredited B-school | T7: =COUNTIF(University_Summary!N:N,"Accredited") -> 7 | V7: Has any NBA-accredited course | W7: =COUNTA(University_Summary!O2:O200) -> 24
A8: Assam | B8: =COUNTIF(Master_Online!C:C,A8) -> 6 | D8: B.Com | E8: =COUNTIF(Master_Online!G:G,D8) -> 71 | G8: Notice 2 (Dec 2025) | H8: =COUNTIF(Master_Online!K:K,"Notice 2 (Dec 2025)") -> 46 | J8: N/A — outside AICTE scope | K8: =COUNTIF(Master_Online!O:O,"N/A") -> 442 | M8: Ranked in Overall | N8: =COUNT(NIRF_All_Rankings!G5:G200) -> 38 | P8: A+ | Q8: =COUNTIF(University_Summary!H:H,"A+") -> 49 | S8: Has AACSB-member B-school (not accredited) | T8: =COUNTIF(University_Summary!N:N,"Member-Only") -> 0 | V8: Status: All Valid | W8: =COUNTIF(University_Summary!P:P,"All Valid") -> 9
A9: Chhattisgarh | B9: =COUNTIF(Master_Online!C:C,A9) -> 18 | D9: B.Sc | E9: =COUNTIF(Master_Online!G:G,D9) -> 2 | J9: No — UGC only, no AICTE | K9: =COUNTIF(Master_Online!O:O,"No") -> 243 | M9: Ranked in University | N9: =COUNT(NIRF_All_Rankings!H5:H200) -> 57 | P9: A | Q9: =COUNTIF(University_Summary!H:H,"A") -> 16 | S9: Total Indian schools in AACSB list | T9: 30 | V9: Status: Mixed (some expired) | W9: =COUNTIF(University_Summary!P:P,"Mixed") -> 9
A10: Delhi | B10: =COUNTIF(Master_Online!C:C,A10) -> 32 | D10: BA | E10: =COUNTIF(Master_Online!G:G,D10) -> 45 | G10: Programmes by Validity Status | H10: Count | J10: Blank (not yet processed) | K10: =COUNTBLANK(Master_Online!O2:O796) -> 0 | M10: Ranked in Research | N10: =COUNT(NIRF_All_Rankings!I5:I200) -> 13 | P10: B++ | Q10: =COUNTIF(University_Summary!H:H,"B++") -> 0 | V10: Status: All Expired | W10: =COUNTIF(University_Summary!P:P,"All Expired") -> 6
A11: Gujarat | B11: =COUNTIF(Master_Online!C:C,A11) -> 52 | D11: BBA | E11: =COUNTIF(Master_Online!G:G,D11) -> 81 | G11: Active | H11: =COUNTIF(Master_Online!N:N,G11) -> 31 | M11: Ranked in Engineering | N11: =COUNT(NIRF_All_Rankings!J5:J200) -> 25 | P11: B+ | Q11: =COUNTIF(University_Summary!H:H,"B+") -> 2 | V11: Total NBA courses (all India) | W11: 3584
A12: Haryana | B12: =COUNTIF(Master_Online!C:C,A12) -> 48 | D12: BCA | E12: =COUNTIF(Master_Online!G:G,D12) -> 59 | G12: Active (per Notice 1) | H12: =COUNTIF(Master_Online!N:N,G12) -> 750 | M12: Ranked in Management | N12: =COUNT(NIRF_All_Rankings!K5:K200) -> 26 | P12: B | Q12: =COUNTIF(University_Summary!H:H,"B") -> 0 | V12: Total NBA institutes (all India) | W12: 991
A13: Himachal Pradesh | B13: =COUNTIF(Master_Online!C:C,A13) -> 13 | D13: BLIS | E13: =COUNTIF(Master_Online!G:G,D13) -> 1 | G13: Expiring Soon | H13: =COUNTIF(Master_Online!N:N,G13) -> 0 | M13: Ranked in Pharmacy | N13: =COUNT(NIRF_All_Rankings!L5:L200) -> 26 | P13: C | Q13: =COUNTIF(University_Summary!H:H,"C") -> 0
A14: Jammu & Kashmir | B14: =COUNTIF(Master_Online!C:C,A14) -> 2 | D14: M.Com | E14: =COUNTIF(Master_Online!G:G,D14) -> 56 | G14: Expired | H14: =COUNTIF(Master_Online!N:N,G14) -> 15 | M14: Ranked in Medical | N14: =COUNT(NIRF_All_Rankings!M5:M200) -> 11 | P14: Not Accredited / Expired | Q14: =COUNTBLANK(University_Summary!H2:H124) -> 7
A15: Jharkhand | B15: =COUNTIF(Master_Online!C:C,A15) -> 6 | D15: M.Sc | E15: =COUNTIF(Master_Online!G:G,D15) -> 46 | M15: Ranked in Dental | N15: =COUNT(NIRF_All_Rankings!N5:N200) -> 13
A16: Karnataka | B16: =COUNTIF(Master_Online!C:C,A16) -> 88 | D16: MA | E16: =COUNTIF(Master_Online!G:G,D16) -> 203 | M16: Ranked in Law | N16: =COUNT(NIRF_All_Rankings!O5:O200) -> 15
A17: Kerala | B17: =COUNTIF(Master_Online!C:C,A17) -> 17 | D17: MBA | E17: =COUNTIF(Master_Online!G:G,D17) -> 133 | M17: Ranked in Architecture | N17: =COUNT(NIRF_All_Rankings!P5:P200) -> 14
A18: Madhya Pradesh | B18: =COUNTIF(Master_Online!C:C,A18) -> 12 | D18: MCA | E18: =COUNTIF(Master_Online!G:G,D18) -> 73 | M18: Ranked in Agriculture | N18: =COUNT(NIRF_All_Rankings!Q5:Q200) -> 3
A19: Maharashtra | B19: =COUNTIF(Master_Online!C:C,A19) -> 39 | D19: MLIS | E19: =COUNTIF(Master_Online!G:G,D19) -> 6 | M19: Ranked in Innovation | N19: =COUNT(NIRF_All_Rankings!R5:R200) -> 1
A20: Mizoram | B20: =COUNTIF(Master_Online!C:C,A20) -> 6 | D20: MSW | E20: =COUNTIF(Master_Online!G:G,D20) -> 5 | M20: Ranked in State Public | N20: =COUNT(NIRF_All_Rankings!S5:S200) -> 24
A21: Odisha | B21: =COUNTIF(Master_Online!C:C,A21) -> 14 | D21: PG Diploma | E21: =COUNTIF(Master_Online!G:G,D21) -> 8 | M21: Ranked in Open | N21: =COUNT(NIRF_All_Rankings!T5:T200) -> 1
A22: Punjab | B22: =COUNTIF(Master_Online!C:C,A22) -> 61 | D22: Shastri (UG) | E22: =COUNTIF(Master_Online!G:G,D22) -> 3 | M22: Ranked in Skill | N22: =COUNT(NIRF_All_Rankings!U5:U200) -> 0
A23: Rajasthan | B23: =COUNTIF(Master_Online!C:C,A23) -> 57 | M23: Ranked in SDG | N23: =COUNT(NIRF_All_Rankings!V5:V200) -> 4
A24: Sikkim | B24: =COUNTIF(Master_Online!C:C,A24) -> 15 | M24: Ranked in College | N24: =COUNT(NIRF_All_Rankings!W5:W200) -> 1
A25: Tamil Nadu | B25: =COUNTIF(Master_Online!C:C,A25) -> 128
A26: Telangana | B26: =COUNTIF(Master_Online!C:C,A26) -> 3
A27: Uttar Pradesh | B27: =COUNTIF(Master_Online!C:C,A27) -> 130
A28: Uttarakhand | B28: =COUNTIF(Master_Online!C:C,A28) -> 18
A31: Programmes by HEI Type | B31: Count
A32: Central University | B32: =COUNTIF(Master_Online!D:D,A32) -> 54
A33: Deemed-to-be University | B33: =COUNTIF(Master_Online!D:D,A33) -> 212
A34: Private University | B34: =COUNTIF(Master_Online!D:D,A34) -> 298
A35: State Open University | B35: =COUNTIF(Master_Online!D:D,A35) -> 20
A36: State University | B36: =COUNTIF(Master_Online!D:D,A36) -> 212

Sheet AICTE_Reconciliation
A1: AICTE × UGC-DEB Reconciliation
A2: AICTE-approved online programmes matched against UGC-DEB online list
A4: AICTE Sl. No | B4: AISHE ID | C4: AICTE University Name | D4: State | E4: AICTE Dept | F4: AICTE Programme | G4: AICTE Category | H4: Intake | I4: Match Status | J4: Matched UGC University | K4: Match Score | L4: Notes
A5: 1 | B5: 1-44638695217 | C5: KONERU LAKSHMAIAH EDUCATION FOUNDATION | D5: Andhra Pradesh | E5: Computer Applications | F5: MCA | G5: MCA | H5: 540 | I5: Both Approved (UGC + AICTE) | J5: Koneru Lakshmaiah Education Foundation | K5: 1
A6: 2 | B6: 1-44638695217 | C6: KONERU LAKSHMAIAH EDUCATION FOUNDATION | D6: Andhra Pradesh | E6: Computer Applications | F6: Bachelor of Computer Applications | G6: BCA | H6: 540 | I6: Both Approved (UGC + AICTE) | J6: Koneru Lakshmaiah Education Foundation | K6: 1
A7: 3 | B7: 1-44638695217 | C7: KONERU LAKSHMAIAH EDUCATION FOUNDATION | D7: Andhra Pradesh | E7: Management | F7: MASTERS IN BUSINESS ADMINISTRATION | G7: MBA | H7: 1200 | I7: Both Approved (UGC + AICTE) | J7: Koneru Lakshmaiah Education Foundation | K7: 1
A8: 4 | B8: 1-44638695217 | C8: KONERU LAKSHMAIAH EDUCATION FOUNDATION | D8: Andhra Pradesh | E8: Management | F8: DIGITAL MARKETING | G8: MBA | H8: 100 | I8: Both Approved (UGC + AICTE) | J8: Koneru Lakshmaiah Education Foundation | K8: 1
A9: 5 | B9: 1-44638695217 | C9: KONERU LAKSHMAIAH EDUCATION FOUNDATION | D9: Andhra Pradesh | E9: Management | F9: ENTREPRENEURSHIP | G9: MBA | H9: 100 | I9: Both Approved (UGC + AICTE) | J9: Koneru Lakshmaiah Education Foundation | K9: 1
A10: 6 | B10: 1-44638695217 | C10: KONERU LAKSHMAIAH EDUCATION FOUNDATION | D10: Andhra Pradesh | E10: Management | F10: DATA SCIENCE | G10: MBA | H10: 500 | I10: Both Approved (UGC + AICTE) | J10: Koneru Lakshmaiah Education Foundation | K10: 1
A11: 7 | B11: 1-44638695217 | C11: KONERU LAKSHMAIAH EDUCATION FOUNDATION | D11: Andhra Pradesh | E11: Management | F11: MANAGEMENT LOGISTICS AND SUPPLY CHAIN MANAGEMENT | G11: MBA | H11: 100 | I11: Both Approved (UGC + AICTE) | J11: Koneru Lakshmaiah Education Foundation | K11: 1
A12: 8 | B12: 1-44638695217 | C12: KONERU LAKSHMAIAH EDUCATION FOUNDATION | D12: Andhra Pradesh | E12: Management | F12: Bachelor of Business Administration | G12: BBA | H12: 600 | I12: Both Approved (UGC + AICTE) | J12: Koneru Lakshmaiah Education Foundation | K12: 1
A13: 9 | B13: 1-44638610784 | C13: VIGNANS FOUNDATION FOR SCIENCE TECHNOLOGY AND RESEARCH | D13: Andhra Pradesh | E13: Computer Applications | F13: MCA | G13: MCA | H13: 3000 | I13: Both Approved (UGC + AICTE) | J13: Vignan's Foundation for Science, Technology and Research | K13: 1
A14: 10 | B14: 1-44638610784 | C14: VIGNANS FOUNDATION FOR SCIENCE TECHNOLOGY AND RESEARCH | D14: Andhra Pradesh | E14: Computer Applications | F14: BCA | G14: BCA | H14: 1000 | I14: Both Approved (UGC + AICTE) | J14: Vignan's Foundation for Science, Technology and Research | K14: 1
A15: 11 | B15: 1-44638610784 | C15: VIGNANS FOUNDATION FOR SCIENCE TECHNOLOGY AND RESEARCH | D15: Andhra Pradesh | E15: Management | F15: MBA GENERAL | G15: MBA | H15: 2000 | I15: Both Approved (UGC + AICTE) | J15: Vignan's Foundation for Science, Technology and Research | K15: 1
A16: 12 | B16: 1-44638610784 | C16: VIGNANS FOUNDATION FOR SCIENCE TECHNOLOGY AND RESEARCH | D16: Andhra Pradesh | E16: Management | F16: MBA FINANCE | G16: MBA | H16: 1000 | I16: Both Approved (UGC + AICTE) | J16: Vignan's Foundation for Science, Technology and Research | K16: 1
... A18: 14 | B18: 1-44638610784 | C18: VIGNANS FOUNDATION FOR SCIENCE TECHNOLOGY AND RESEARCH | D18: Andhra Pradesh | E18: Management | F18: BBA | G18: BBA | H18: 1000 | I18: Both Approved (UGC + AICTE) | J18: Vignan's Foundation for Science, Technology and Research | K18: 1
A19: 15 | B19: 1-44643487065 | C19: IMI DELHI | D19: Delhi | E19: Management | F19: PGDM | G19: PGDM | H19: 300 | I19: AICTE only — not in UGC list | J19: — | K19: — | L19: Likely a standalone AICTE-approved institute (PGDM/PGCM). UGC-DEB approval not required for AICTE diplomas.
A20: 16 | B20: 1-44638940673 | C20: INDIAN INSTITUTE OF FOREIGN TRADE | D20: Delhi | E20: Management | F20: MBA International Business online | G20: MBA | H20: 600 | I20: Both Approved (UGC + AICTE) | J20: Indian Institute of Foreign Trade | K20: 1
A21: 17 | B21: 1-44638940673 | C21: INDIAN INSTITUTE OF FOREIGN TRADE | D21: Delhi | E21: Management | F21: Executive PGDM Online | G21: PGDM | H21: 100 | I21: AICTE only — category not in UGC scope | J21: Indian Institute of Foreign Trade | K21: 1 | L21: UGC-DEB lists this university but not under 'PGDM'.
A22: 18 | B22: 1-44642414595 | C22: INTERNATIONAL INSTITUTE OF HEALTH MANAGEMENT RESEARCH | D22: Delhi | E22: Management | F22: Health Financial Management | G22: PG Certificate | H22: 60 | I22: AICTE only — not in UGC list | J22: — | K22: — | L22: Likely a standalone AICTE-approved institute (PGDM/PGCM). UGC-DEB approval not required for AICTE diplomas.
A23: 19 | B23: 1-44642414595 | C23: INTERNATIONAL INSTITUTE OF HEALTH MANAGEMENT RESEARCH | D23: Delhi | E23: Management | F23: Hospital Management | G23: PG Certificate | H23: 60 | I23: AICTE only — not in UGC list | J23: — | K23: — | L23: Likely a standalone AICTE-approved institute (PGDM/PGCM). UGC-DEB approval not required for AICTE diplomas.
A24: 20 | B24: 1-44642414595 | C24: INTERNATIONAL INSTITUTE OF HEALTH MANAGEMENT RESEARCH | D24: Delhi | E24: Management | F24: Logistic and Supply Chain Management | G24: PG Certificate | H24: 60 | I24: AICTE only — not in UGC list | J24: — | K24: — | L24: Likely a standalone AICTE-approved institute (PGDM/PGCM). UGC-DEB approval not required for AICTE diplomas.
A25: 21 | B25: 1-44643759828 | C25: JAMIA HAMDARD | D25: Delhi | E25: Computer Applications | F25: MCA | G25: MCA | H25: 500 | I25: Both Approved (UGC + AICTE) | J25: Jamia Hamdard | K25: 1
A26: 22 | B26: 1-44643759828 | C26: JAMIA HAMDARD | D26: Delhi | E26: Computer Applications | F26: BCA | G26: BCA | H26: 1000 | I26: Both Approved (UGC + AICTE) | J26: Jamia Hamdard | K26: 1
A27: 23 | B27: 1-44643759828 | C27: JAMIA HAMDARD | D27: Delhi | E27: Management | F27: MBA | G27: MBA | H27: 800 | I27: Both Approved (UGC + AICTE) | J27: Jamia Hamdard | K27: 1
A28: 24 | B28: 1-44643759828 | C28: JAMIA HAMDARD | D28: Delhi | E28: Management | F28: BBA | G28: BBA | H28: 1000 | I28: Both Approved (UGC + AICTE) | J28: Jamia Hamdard | K28: 1
A29: 25 | B29: 1-44643461409 | C29: NEW DELHI INSTITUTE OF MANAGEMENT | D29: Delhi | E29: Management | F29: Management | G29: PG Certificate | H29: 1500 | I29: AICTE only — not in UGC list | J29: — | K29: — | L29: Likely a standalone AICTE-approved institute (PGDM/PGCM). UGC-DEB approval not required for AICTE diplomas.
A30: 26 | B30: 1-44643461409 | C30: NEW DELHI INSTITUTE OF MANAGEMENT | D30: Delhi | E30: Management | F30: PGDM | G30: PGDM | H30: 3500 | I30: AICTE only — not in UGC list | J30: — | K30: — | L30: Likely a standalone AICTE-approved institute (PGDM/PGCM). UGC-DEB approval not required for AICTE diplomas.
A31: 27 | B31: 1-44641309543 | C31: GOA INSTITUTE OF MANAGEMENT | D31: Goa | E31: Management | F31: PGDM | G31: PGDM | H31: 240 | I31: AICTE only — not in UGC list | J31: — | K31: — | L31: Likely a standalone AICTE-approved institute (PGDM/PGCM). UGC-DEB approval not required for AICTE diplomas.
A32: 28 | B32: 1-44641309543 | C32: GOA INSTITUTE OF MANAGEMENT | D32: Goa | E32: Management | F32: Executive PGDM in Health Care Management | G32: PGDM | H32: 120 | I32: AICTE only — not in UGC list | J32: — | K32: — | L32: Likely a standalone AICTE-approved institute (PGDM/PGCM). UGC-DEB approval not required for AICTE diplomas.
A33: 29 | B33: 1-44641856270 | C33: ENTREPRENEURSHIP DEVELOPMENT INSTITUTE OF INDIA | D33: Gujarat | E33: Management | F33: PGDM | G33: PGDM | H33: 300 | I33: AICTE only — not in UGC list | J33: — | K33: — | L33: Likely a standalone AICTE-approved institute (PGDM/PGCM). UGC-DEB approval not required for AICTE diplomas.
A34: 30 | B34: 1-44642555628 | C34: INDUKAKA IPCOWALA INSTITUTE OF MANAGEMENT | D34: Gujarat | E34: Management | F34: MBA | G34: MBA | H34: 1000 | I34: AICTE only — not in UGC list | J34: — | K34: — | L34: University not found in UGC-DEB online list.
A35: 31 | B35: 1-44642555628 | C35: INDUKAKA IPCOWALA INSTITUTE OF MANAGEMENT | D35: Gujarat | E35: Management | F35: BBA | G35: BBA | H35: 1000 | I35: AICTE only — not in UGC list | J35: — | K35: — | L35: University not found in UGC-DEB online list.
A36: 32 | B36: 1-44637260101 | C36: R. N. G. PATEL INSTITUTE OF TECHNOLOGY RNGPIT | D36: Gujarat | E36: Computer Applications | F36: MCA | G36: MCA | H36: 60 | I36: AICTE only — not in UGC list | J36: — | K36: — | L36: University not found in UGC-DEB online list.
A37: 33 | B37: 1-44637260101 | C37: R. N. G. PATEL INSTITUTE OF TECHNOLOGY RNGPIT | D37: Gujarat | E37: Management | F37: MBA | G37: MBA | H37: 60 | I37: AICTE only — not in UGC list | J37: — | K37: — | L37: University not found in UGC-DEB online list.
A38: 34 | B38: 1-44642502770 | C38: SMT.CHANDABEN MOHANBHAI PATEL INSTITUTE OF COMPUTER APPLICATIONS CM | D38: Gujarat | E38: Computer Applications | F38: MCA | G38: MCA | H38: 1000 | I38: AICTE only — not in UGC list | J38: — | K38: — | L38: University not found in UGC-DEB online list.
A39: 35 | B39: 1-44642502770 | C39: SMT.CHANDABEN MOHANBHAI PATEL INSTITUTE OF COMPUTER APPLICATIONS CM | D39: Gujarat | E39: Computer Applications | F39: BCA | G39: BCA | H39: 1000 | I39: AICTE only — not in UGC list | J39: — | K39: — | L39: University not found in UGC-DEB online list.
A40: 36 | B40: 1-44638738787 | C40: GREAT LAKES INSTITUTE OF MANAGEMENT GURGAON | D40: Haryana | E40: Management | F40: PGCM | G40: PG Certificate | H40: 1000 | I40: AICTE only — not in UGC list | J40: — | K40: — | L40: Likely a standalone AICTE-approved institute (PGDM/PGCM). UGC-DEB approval not required for AICTE diplomas.
... A43: 39 | B43: 1-44642756519 | C43: M.M. INSTITUTE OF COMPUTER TECHNOLOGY BUSINESS MANAGEMENT | D43: Haryana | E43: Computer Applications | F43: BCA | G43: BCA | H43: 600 | I43: AICTE only — not in UGC list | J43: — | K43: — | L43: University not found in UGC-DEB online list.
A44: 40 | B44: 1-44638272788 | C44: MAHARISHI MARKANDESHWAR ENGINEERING COLLEGE | D44: Haryana | E44: Management | F44: MBA | G44: MBA | H44: 360 | I44: Both Approved (UGC + AICTE) | J44: Maharishi Markandeshwar | K44: 1
A45: 41 | B45: 1-44638272788 | C45: MAHARISHI MARKANDESHWAR ENGINEERING COLLEGE | D45: Haryana | E45: Management | F45: BBA | G45: BBA | H45: 330 | I45: Both Approved (UGC + AICTE) | J45: Maharishi Markandeshwar | K45: 1
A46: 42 | B46: 1-44643643661 | C46: MANAGEMENT DEVELOPMENT INSTITUTE | D46: Haryana | E46: Management | F46: PGDM | G46: PGDM | H46: 180 | I46: AICTE only — not in UGC list | J46: — | K46: — | L46: Likely a standalone AICTE-approved institute (PGDM/PGCM). UGC-DEB approval not required for AICTE diplomas.
A47: 43 | B47: 1-44638920797 | C47: MANAV RACHNA INTERNATIONAL INSTITUTE OF RESEARCH AND STUDIES DEEMED | D47: Haryana | E47: Computer Applications | F47: Master of Computer Applications | G47: MCA | H47: 360 | I47: Both Approved (UGC + AICTE) | J47: Manav Rachna International Institute of Research & Studies | K47: 1
A48: 44 | B48: 1-44638920797 | C48: MANAV RACHNA INTERNATIONAL INSTITUTE OF RESEARCH AND STUDIES DEEMED | D48: Haryana | E48: Computer Applications | F48: BCA | G48: BCA | H48: 720 | I48: Both Approved (UGC + AICTE) | J48: Manav Rachna International Institute of Research & Studies | K48: 1
A49: 45 | B49: 1-44638920797 | C49: MANAV RACHNA INTERNATIONAL INSTITUTE OF RESEARCH AND STUDIES DEEMED | D49: Haryana | E49: Management | F49: Masters in Business Administration | G49: MBA | H49: 360 | I49: Both Approved (UGC + AICTE) | J49: Manav Rachna International Institute of Research & Studies | K49: 1
A50: 46 | B50: 1-44638920797 | C50: MANAV RACHNA INTERNATIONAL INSTITUTE OF RESEARCH AND STUDIES DEEMED | D50: Haryana | E50: Management | F50: BBA | G50: BBA | H50: 720 | I50: Both Approved (UGC + AICTE) | J50: Manav Rachna International Institute of Research & Studies | K50: 1
A51: 47 | B51: 1-44640378024 | C51: BIRLA INSTITUTE OF TECHNOLOGY | D51: Jharkhand | E51: Management | F51: Management | G51: MBA | H51: 100 | I51: Both Approved (UGC + AICTE) | J51: Birla Institute of Technology | K51: 1
A52: 48 | B52: 1-44643444300 | C52: XLRI - XAVIER SCHOOL OF MANAGEMENT | D52: Jharkhand | E52: Management | F52: PGCBM | G52: PG Certificate | H52: 500 | I52: AICTE only — not in UGC list | J52: — | K52: — | L52: Likely a standalone AICTE-approved institute (PGDM/PGCM). UGC-DEB approval not required for AICTE diplomas.
A53: 49 | B53: 1-44643444300 | C53: XLRI - XAVIER SCHOOL OF MANAGEMENT | D53: Jharkhand | E53: Management | F53: PGCHRM | G53: PG Certificate | H53: 400 | I53: AICTE only — not in UGC list | J53: — | K53: — | L53: Likely a standalone AICTE-approved institute (PGDM/PGCM). UGC-DEB approval not required for AICTE diplomas.
A54: 50 | B54: 1-44643444300 | C54: XLRI - XAVIER SCHOOL OF MANAGEMENT | D54: Jharkhand | E54: Management | F54: PGCBA | G54: PG Certificate | H54: 120 | I54: AICTE only — not in UGC list | J54: — | K54: — | L54: Likely a standalone AICTE-approved institute (PGDM/PGCM). UGC-DEB approval not required for AICTE diplomas.
A55: 51 | B55: 1-44643444300 | C55: XLRI - XAVIER SCHOOL OF MANAGEMENT | D55: Jharkhand | E55: Management | F55: PGCGM | G55: PG Certificate | H55: 120 | I55: AICTE only — not in UGC list | J55: — | K55: — | L55: Likely a standalone AICTE-approved institute (PGDM/PGCM). UGC-DEB approval not required for AICTE diplomas.
A56: 52 | B56: 1-44643444300 | C56: XLRI - XAVIER SCHOOL OF MANAGEMENT | D56: Jharkhand | E56: Management | F56: PGCSR | G56: PG Certificate | H56: 120 | I56: AICTE only — not in UGC list | J56: — | K56: — | L56: Likely a standalone AICTE-approved institute (PGDM/PGCM). UGC-DEB approval not required for AICTE diplomas.
A57: 53 | B57: 1-44643444300 | C57: XLRI - XAVIER SCHOOL OF MANAGEMENT | D57: Jharkhand | E57: Management | F57: PGCIB | G57: PG Certificate | H57: 120 | I57: AICTE only — not in UGC list | J57: — | K57: — | L57: Likely a standalone AICTE-approved institute (PGDM/PGCM). UGC-DEB approval not required for AICTE diplomas.
A58: 54 | B58: 1-44643444300 | C58: XLRI - XAVIER SCHOOL OF MANAGEMENT | D58: Jharkhand | E58: Management | F58: PGDM Business Management | G58: PGDM | H58: 300 | I58: AICTE only — not in UGC list | J58: — | K58: — | L58: Likely a standalone AICTE-approved institute (PGDM/PGCM). UGC-DEB approval not required for AICTE diplomas.
A59: 55 | B59: 1-44643444300 | C59: XLRI - XAVIER SCHOOL OF MANAGEMENT | D59: Jharkhand | E59: Management | F59: PGDM Human Resource Management | G59: PGDM | H59: 200 | I59: AICTE only — not in UGC list | J59: — | K59: — | L59: Likely a standalone AICTE-approved institute (PGDM/PGCM). UGC-DEB approval not required for AICTE diplomas.
A60: 56 | B60: 1-44643444300 | C60: XLRI - XAVIER SCHOOL OF MANAGEMENT | D60: Jharkhand | E60: Management | F60: PGDM Finance | G60: PGDM | H60: 120 | I60: AICTE only — not in UGC list | J60: — | K60: — | L60: Likely a standalone AICTE-approved institute (PGDM/PGCM). UGC-DEB approval not required for AICTE diplomas.
A61: 57 | B61: 1-44643444300 | C61: XLRI - XAVIER SCHOOL OF MANAGEMENT | D61: Jharkhand | E61: Management | F61: PGDM HRM | G61: PGDM | H61: 120 | I61: AICTE only — not in UGC list | J61: — | K61: — | L61: Likely a standalone AICTE-approved institute (PGDM/PGCM). UGC-DEB approval not required for AICTE diplomas.
A62: 58 | B62: 1-44643444300 | C62: XLRI - XAVIER SCHOOL OF MANAGEMENT | D62: Jharkhand | E62: Management | F62: PGDM Digital Business Management | G62: PGDM | H62: 60 | I62: AICTE only — not in UGC list | J62: — | K62: — | L62: Likely a standalone AICTE-approved institute (PGDM/PGCM). UGC-DEB approval not required for AICTE diplomas.
A63: 59 | B63: 1-44643444300 | C63: XLRI - XAVIER SCHOOL OF MANAGEMENT | D63: Jharkhand | E63: Management | F63: PGDM Consulting Management | G63: PGDM | H63: 60 | I63: AICTE only — not in UGC list | J63: — | K63: — | L63: Likely a standalone AICTE-approved institute (PGDM/PGCM). UGC-DEB approval not required for AICTE diplomas.
... A65: 61 | B65: 1-44643444300 | C65: XLRI - XAVIER SCHOOL OF MANAGEMENT | D65: Jharkhand | E65: Management | F65: PGDM Healthcare Management | G65: PGDM | H65: 60 | I65: AICTE only — not in UGC list | J65: — | K65: — | L65: Likely a standalone AICTE-approved institute (PGDM/PGCM). UGC-DEB approval not required for AICTE diplomas.
A66: 62 | B66: 1-44643854227 | C66: ALLIANCE UNIVERSITY | D66: Karnataka | E66: Management | F66: Master of Business Administration | G66: MBA | H66: 1800 | I66: Both Approved (UGC + AICTE) | J66: Alliance University | K66: 1
A67: 63 | B67: 1-44638749065 | C67: CHRIST DEEMED TO BE UNIVERSITY MAIN CAMPUS | D67: Karnataka | E67: Computer Applications | F67: MCA | G67: MCA | H67: 300 | I67: Both Approved (UGC + AICTE) | J67: Christ (Deemed to be University) | K67: 1
A68: 64 | B68: 1-44638749065 | C68: CHRIST DEEMED TO BE UNIVERSITY MAIN CAMPUS | D68: Karnataka | E68: Computer Applications | F68: BCA | G68: BCA | H68: 300 | I68: Both Approved (UGC + AICTE) | J68: Christ (Deemed to be University) | K68: 1
A69: 65 | B69: 1-44638613490 | C69: INTERNATIONAL INSTITUTE OF INFORMATION TECHNOLOGY BANGALORE | D69: Karnataka | E69: AI Data Science | F69: AI Data Science | G69: AI/Data Science | H69: 150 | I69: AICTE only — category not in UGC scope | J69: International Institute of Information Technology | K69: 0.76 | L69: UGC-DEB lists this university but not under 'AI/Data Science'.
A70: 66 | B70: 1-44640710672 | C70: INTERNATIONAL SCHOOL OF MANAGEMENT EXCELLENCE | D70: Karnataka | E70: Management | F70: Post-Graduate Diploma in Management | G70: PGDM | H70: 1000 | I70: AICTE only — not in UGC list | J70: — | K70: — | L70: Likely a standalone AICTE-approved institute (PGDM/PGCM). UGC-DEB approval not required for AICTE diplomas.
A71: 67 | B71: 1-44638293840 | C71: ISBR BUSINESS SCHOOL | D71: Karnataka | E71: Management | F71: PGDM | G71: PGDM | H71: 600 | I71: AICTE only — not in UGC list | J71: — | K71: — | L71: Likely a standalone AICTE-approved institute (PGDM/PGCM). UGC-DEB approval not required for AICTE diplomas.
A72: 68 | B72: 1-44643847517 | C72: JAIN DEEMED TO BE UNIVERSITY CENTRE FOR MANAGEMENT STUDIES | D72: Karnataka | E72: Management | F72: Bachelor of Business Administration | G72: BBA | H72: 8000 | I72: Both Approved (UGC + AICTE) | J72: Jain (Deemed-to-be University) | K72: 1
A73: 69 | B73: 1-44638218538 | C73: JAIN DEEMED TO BE UNIVERSITY FACULTY OF MANAGEMENT STUDIES | D73: Karnataka | E73: Management | F73: Masters in Business Administration | G73: MBA | H73: 40000 | I73: Both Approved (UGC + AICTE) | J73: Jain (Deemed-to-be University) | K73: 1
A74: 70 | B74: 1-44638100886 | C74: JAIN DEEMED TO BE UNIVERSITY SCHOOL OF COMPUTER APPLICATIONS AND IT | D74: Karnataka | E74: Computer Applications | F74: MCA | G74: MCA | H74: 20000 | I74: Both Approved (UGC + AICTE) | J74: Jain (Deemed-to-be University) | K74: 1
A75: 71 | B75: 1-44638100886 | C75: JAIN DEEMED TO BE UNIVERSITY SCHOOL OF COMPUTER APPLICATIONS AND IT | D75: Karnataka | E75: Computer Applications | F75: BCA | G75: BCA | H75: 5000 | I75: Both Approved (UGC + AICTE) | J75: Jain (Deemed-to-be University) | K75: 1
A76: 72 | B76: 1-44638542634 | C76: JSS ACADEMY OF HIGHER EDUCATION AND RESEARCH | D76: Karnataka | E76: Management | F76: MBA Pharmacy Administration | G76: MBA | H76: 180 | I76: Both Approved (UGC + AICTE) | J76: JSS Academy of Education and Research | K76: 1
A77: 73 | B77: 1-44638542634 | C77: JSS ACADEMY OF HIGHER EDUCATION AND RESEARCH | D77: Karnataka | E77: Management | F77: MBA Hospital Administration | G77: MBA | H77: 180 | I77: Both Approved (UGC + AICTE) | J77: JSS Academy of Education and Research | K77: 1
A78: 74 | B78: 1-44638542634 | C78: JSS ACADEMY OF HIGHER EDUCATION AND RESEARCH | D78: Karnataka | E78: Management | F78: BBA | G78: BBA | H78: 180 | I78: Both Approved (UGC + AICTE) | J78: JSS Academy of Education and Research | K78: 1
A79: 75 | B79: 1-44642922416 | C79: M S RAMAIAH INSTITUTE OF MANAGEMENT | D79: Karnataka | E79: Management | F79: PGCM | G79: PG Certificate | H79: 500 | I79: AICTE only — not in UGC list | J79: — | K79: — | L79: Likely a standalone AICTE-approved institute (PGDM/PGCM). UGC-DEB approval not required for AICTE diplomas.
A80: 76 | B80: 1-44642922416 | C80: M S RAMAIAH INSTITUTE OF MANAGEMENT | D80: Karnataka | E80: Management | F80: PGDM | G80: PGDM | H80: 500 | I80: AICTE only — not in UGC list | J80: — | K80: — | L80: Likely a standalone AICTE-approved institute (PGDM/PGCM). UGC-DEB approval not required for AICTE diplomas.
A81: 77 | B81: 1-44637278596 | C81: MANIPAL ACADEMY OF HIGHER EDUCATION | D81: Karnataka | E81: Computer Applications | F81: Master of Computer Application MCA | G81: MCA | H81: 500 | I81: Both Approved (UGC + AICTE) | J81: Manipal Academy of Higher Education | K81: 1
A82: 78 | B82: 1-44637278596 | C82: MANIPAL ACADEMY OF HIGHER EDUCATION | D82: Karnataka | E82: Management | F82: MBA Banking and Financial Services | G82: MBA | H82: 800 | I82: Both Approved (UGC + AICTE) | J82: Manipal Academy of Higher Education | K82: 1
A83: 79 | B83: 1-44637278596 | C83: MANIPAL ACADEMY OF HIGHER EDUCATION | D83: Karnataka | E83: Management | F83: Masters in Business Administration | G83: MBA | H83: 4000 | I83: Both Approved (UGC + AICTE) | J83: Manipal Academy of Higher Education | K83: 1
A84: 80 | B84: 1-44637278596 | C84: MANIPAL ACADEMY OF HIGHER EDUCATION | D84: Karnataka | E84: Management | F84: PG Cert in Logistics and Supply Chain Management | G84: MBA | H84: 1000 | I84: Both Approved (UGC + AICTE) | J84: Manipal Academy of Higher Education | K84: 1
A85: 81 | B85: 1-44637278596 | C85: MANIPAL ACADEMY OF HIGHER EDUCATION | D85: Karnataka | E85: Management | F85: Bachelor of Business Administration BBA | G85: BBA | H85: 500 | I85: Both Approved (UGC + AICTE) | J85: Manipal Academy of Higher Education | K85: 1
A86: 82 | B86: 1-44643077312 | C86: NMAM INSTITUTE OF TECHNOLOGY NITTE | D86: Karnataka | E86: Computer Applications | F86: MCA | G86: MCA | H86: 1000 | I86: AICTE only — not in UGC list | J86: — | K86: — | L86: University not found in UGC-DEB online list.
A87: 83 | B87: 1-44643077312 | C87: NMAM INSTITUTE OF TECHNOLOGY NITTE | D87: Karnataka | E87: Management | F87: MBA | G87: MBA | H87: 1000 | I87: AICTE only — not in UGC list | J87: — | K87: — | L87: University not found in UGC-DEB online list.
A88: 84 | B88: 1-44639540771 | C88: SRI SIDDHARTHA ACADEMY OF HIGHER EDUCATION AGALKOTE | D88: Karnataka | E88: Computer Applications | F88: MCA | G88: MCA | H88: 500 | I88: AICTE only — not in UGC list | J88: — | K88: — | L88: University not found in UGC-DEB online list.
A89: 85 | B89: 1-44644658510 | C89: ST ALOYSIUS DEEMED TO BE UNIVERSITY | D89: Karnataka | E89: Computer Applications | F89: Master of Computer Application | G89: MCA | H89: 1000 | I89: AICTE only — not in UGC list | J89: — | K89: — | L89: University not found in UGC-DEB online list.
A90: 86 | B90: 1-44644658510 | C90: ST ALOYSIUS DEEMED TO BE UNIVERSITY | D90: Karnataka | E90: Computer Applications | F90: Bachelor of Computer Application | G90: BCA | H90: 500 | I90: AICTE only — not in UGC list | J90: — | K90: — | L90: University not found in UGC-DEB online list.
A91: 87 | B91: 1-44644658510 | C91: ST ALOYSIUS DEEMED TO BE UNIVERSITY | D91: Karnataka | E91: Management | F91: Master of Business Administration | G91: MBA | H91: 2000 | I91: AICTE only — not in UGC list | J91: — | K91: — | L91: University not found in UGC-DEB online list.
A92: 88 | B92: 1-44644658510 | C92: ST ALOYSIUS DEEMED TO BE UNIVERSITY | D92: Karnataka | E92: Management | F92: Bachelor of Business Administration | G92: BBA | H92: 500 | I92: AICTE only — not in UGC list | J92: — | K92: — | L92: University not found in UGC-DEB online list.
A93: 89 | B93: 1-44638686172 | C93: YENEPOYA DEEMED TO BE UNIVERSITY | D93: Karnataka | E93: Computer Applications | F93: MCA | G93: MCA | H93: 1000 | I93: Both Approved (UGC + AICTE) | J93: Yenepoya | K93: 1
A94: 90 | B94: 1-44638686172 | C94: YENEPOYA DEEMED TO BE UNIVERSITY | D94: Karnataka | E94: Computer Applications | F94: BCA | G94: BCA | H94: 750 | I94: Both Approved (UGC + AICTE) | J94: Yenepoya | K94: 1
A95: 91 | B95: 1-44638686172 | C95: YENEPOYA DEEMED TO BE UNIVERSITY | D95: Karnataka | E95: Management | F95: Management | G95: MBA | H95: 10000 | I95: Both Approved (UGC + AICTE) | J95: Yenepoya | K95: 1
A96: 92 | B96: 1-44638686172 | C96: YENEPOYA DEEMED TO BE UNIVERSITY | D96: Karnataka | E96: Management | F96: BBA | G96: BBA | H96: 750 | I96: Both Approved (UGC + AICTE) | J96: Yenepoya | K96: 1
A97: 93 | B97: 1-44639974560 | C97: SCHOOL OF MANAGEMENT AND BUSINESS STUDIES | D97: Kerala | E97: Management | F97: Management | G97: MBA | H97: 60 | I97: AICTE only — not in UGC list | J97: — | K97: — | L97: University not found in UGC-DEB online list.
A98: 94 | B98: 1-44638950114 | C98: BHARATI VIDYAPEETH DEEMED TO BE UNVIERSITY | D98: Maharashtra | E98: Computer Applications | F98: Master of Computer Applications | G98: MCA | H98: 1000 | I98: Both Approved (UGC + AICTE) | J98: Bharati Vidyapeeth | K98: 1
A99: 95 | B99: 1-44638950114 | C99: BHARATI VIDYAPEETH DEEMED TO BE UNVIERSITY | D99: Maharashtra | E99: Management | F99: Master of Business Administration | G99: MBA | H99: 7000 | I99: Both Approved (UGC + AICTE) | J99: Bharati Vidyapeeth | K99: 1
A100: 96 | B100: 1-44638950114 | C100: BHARATI VIDYAPEETH DEEMED TO BE UNVIERSITY | D100: Maharashtra | E100: Management | F100: Bachelor of Business Administration | G100: BBA | H100: 1000 | I100: Both Approved (UGC + AICTE) | J100: Bharati Vidyapeeth | K100: 1
A101: 97 | B101: 1-44638950114 | C101: BHARATI VIDYAPEETH DEEMED TO BE UNVIERSITY | D101: Maharashtra | E101: Management | F101: Bachelor of Computer Applications | G101: BCA | H101: 1000 | I101: Both Approved (UGC + AICTE) | J101: Bharati Vidyapeeth | K101: 1
A102: 98 | B102: 1-44638207113 | C102: DATTA MEGHE INSTITUTE OF HIGHER EDUCATION AND RESEARCH DEEMED TO B | D102: Maharashtra | E102: Computer Applications | F102: Master of Computer Applications | G102: MCA | H102: 60 | I102: Both Approved (UGC + AICTE) | J102: Datta Meghe Institute of Higher Education and Research | K102: 1
A103: 99 | B103: 1-44638207113 | C103: DATTA MEGHE INSTITUTE OF HIGHER EDUCATION AND RESEARCH DEEMED TO B | D103: Maharashtra | E103: Management | F103: Masters in Business Administration | G103: MBA | H103: 360 | I103: Both Approved (UGC + AICTE) | J103: Datta Meghe Institute of Higher Education and Research | K103: 1
A104: 100 | B104: 1-44638195707 | C104: DR D Y PATIL VIDYAPEETH PUNE | D104: Maharashtra | E104: Computer Applications | F104: MCA | G104: MCA | H104: 3000 | I104: Both Approved (UGC + AICTE) | J104: Dr. D.Y. Patil Vidyapeeth (Pune) | K104: 1
A105: 101 | B105: 1-44638195707 | C105: DR D Y PATIL VIDYAPEETH PUNE | D105: Maharashtra | E105: Computer Applications | F105: BCA | G105: BCA | H105: 2000 | I105: AICTE only — category not in UGC scope | J105: Dr. D.Y. Patil Vidyapeeth (Pune) | K105: 1 | L105: UGC-DEB lists this university but not under 'BCA'.
...

Sheet AACSB_Reference
A1: AACSB International — India Schools (Accredited & Members)
A2: AACSB Business Accreditation is a global B-school standard. Initial accreditation takes 5–7 years; once granted, schools undergo Continuous Improvement Review (CIR) every 5 years. 'Member-Only' means the school is an AACSB member but has not yet earned accreditation.
A4: S.No | B4: School Name | C4: Parent University / Institution | D4: City | E4: State | F4: AACSB Status | G4: In UGC-DEB List? | H4: AACSB URL
A5: 1 | B5: Amrita School of Business (Coimbatore) | C5: Amrita Vishwa Vidyapeetham | D5: Coimbatore | E5: Tamil Nadu | F5: Accredited | G5: Yes — Amrita Vishwa Vidyapeetham University | H5: https://www.aacsb.edu/accredited/a/amrita-school-of-business-coimbatore-amrita-vishwa-vidyapeetham
A6: 2 | B6: Birla Institute of Management Technology, Greater Noida | C6: — | D6: Greater Noida | E6: Uttar Pradesh | F6: Accredited | G6: No (standalone institute) | H6: https://www.aacsb.edu/accredited/b/birla-institute-of-management-technology-greater-noida
A7: 3 | B7: Great Lakes Institute of Management, Chennai | C7: — | D7: Kanchipuram District | E7: Tamil Nadu | F7: Accredited | G7: No (standalone institute) | H7: https://www.aacsb.edu/accredited/g/great-lakes-institute-of-management-chennai
A8: 4 | B8: Great Lakes Institute of Management, Gurgaon | C8: — | D8: Gurugram | E8: Haryana | F8: Accredited | G8: No (standalone institute) | H8: https://www.aacsb.edu/accredited/g/great-lakes-institute-of-management-gurgaon
A9: 5 | B9: ICFAI Business School, Hyderabad | C9: ICFAI Foundation for Higher Education | D9: Hyderabad | E9: Telangana | F9: Accredited | G9: Yes — ICFAI Foundation for Higher Education | H9: https://www.aacsb.edu/accredited/i/icfai-business-school-hyderabad
A10: 6 | B10: Indian Institute of Foreign Trade | C10: — | D10: New Delhi | E10: Delhi | F10: Accredited | G10: Yes — Indian Institute of Foreign Trade | H10: https://www.aacsb.edu/accredited/i/indian-institute-of-foreign-trade
A11: 7 | B11: Indian Institute of Management Calcutta | C11: — | D11: Kolkata | E11: West Bengal | F11: Accredited | G11: No (standalone institute) | H11: https://www.aacsb.edu/accredited/i/indian-institute-of-management-calcutta
A12: 8 | B12: Indian Institute of Management Indore | C12: — | D12: Indore | E12: Madhya Pradesh | F12: Accredited | G12: No (standalone institute) | H12: https://www.aacsb.edu/accredited/i/indian-institute-of-management-indore
A13: 9 | B13: Indian Institute of Management Lucknow | C13: — | D13: Lucknow | E13: Uttar Pradesh | F13: Accredited | G13: No (standalone institute) | H13: https://www.aacsb.edu/accredited/i/indian-institute-of-management-lucknow
A14: 10 | B14: Indian Institute of Management Udaipur | C14: — | D14: Udaipur | E14: Rajasthan | F14: Accredited | G14: No (standalone institute) | H14: https://www.aacsb.edu/accredited/i/indian-institute-of-management-udaipur
A15: 11 | B15: Indian School of Business | C15: — | D15: Hyderabad | E15: Telangana | F15: Accredited | G15: No (standalone institute) | H15: https://www.aacsb.edu/accredited/i/indian-school-of-business
A16: 12 | B16: Institute of Management Technology, Ghaziabad | C16: — | D16: Ghaziabad | E16: Uttar Pradesh | F16: Accredited | G16: No (standalone institute) | H16: https://www.aacsb.edu/accredited/i/institute-of-management-technology-ghaziabad
... A34: 30 | B34: Management Development Institute, Gurgaon | C34: — | D34: Gurgaon | E34: Haryana | F34: Member-Only | G34: No (standalone institute) | H34: https://www.aacsb.edu/members/non-accredited-educational/m/management-development-institute-gurgaon

Sheet NBA_Reference
A1: NBA-Accredited Courses at UGC-DEB Online Universities
A2: NBA accredits at the COURSE level. Each course has its own validity. NBA covers Engineering, Management, MCA, Pharmacy, Architecture, Hotel Management — NOT Arts/Commerce/Science. Source: AICTE NBA list, status as on 30-Apr-2025.
A4: S.No | B4: UGC-DEB University | C4: NBA Institute Name (as listed) | D4: State | E4: Type | F4: Program Domain | G4: Level | H4: Course / Branch | I4: Intake | J4: NBA Valid Till | K4: Validity Status
A5: 1 | B5: Amrita Vishwa Vidyapeetham University | C5: AMRITA VISHWA VIDYAPEETHAM COIMBATORE CAMPUS | D5: Tamil Nadu | E5: Deemed to be University(Pvt) | F5: ENGINEERING AND TECHNOLOGY | G5: UNDER GRADUATE | H5: CHEMICAL ENGINEERING | I5: 60 | J5: 45838 | K5: Expired
A6: 2 | B6: Amrita Vishwa Vidyapeetham University | C6: AMRITA VISHWA VIDYAPEETHAM COIMBATORE CAMPUS | D6: Tamil Nadu | E6: Deemed to be University(Pvt) | F6: ENGINEERING AND TECHNOLOGY | G6: UNDER GRADUATE | H6: CIVIL ENGINEERING | I6: 60 | J6: 45838 | K6: Expired
A7: 3 | B7: Amrita Vishwa Vidyapeetham University | C7: AMRITA VISHWA VIDYAPEETHAM COIMBATORE CAMPUS | D7: Tamil Nadu | E7: Deemed to be University(Pvt) | F7: ENGINEERING AND TECHNOLOGY | G7: UNDER GRADUATE | H7: AEROSPACE ENGINEERING | I7: 60 | J7: 45838 | K7: Expired
A8: 4 | B8: Amrita Vishwa Vidyapeetham University | C8: AMRITA VISHWA VIDYAPEETHAM COIMBATORE CAMPUS | D8: Tamil Nadu | E8: Deemed to be University(Pvt) | F8: ENGINEERING AND TECHNOLOGY | G8: UNDER GRADUATE | H8: ELECTRICAL AND ELECTRONICS ENGINEERING | I8: 120 | J8: 45838 | K8: Expired
A9: 5 | B9: Amrita Vishwa Vidyapeetham University | C9: AMRITA VISHWA VIDYAPEETHAM BENGALURU CAMPUS | D9: Karnataka | E9: Deemed to be University(Pvt) | F9: ENGINEERING AND TECHNOLOGY | G9: UNDER GRADUATE | H9: ELECTRONICS AND COMMUNICATIONS ENGINEERING | I9: 180 | J9: 45838 | K9: Expired
A10: 6 | B10: Amrita Vishwa Vidyapeetham University | C10: AMRITA VISHWA VIDYAPEETHAM BENGALURU CAMPUS | D10: Karnataka | E10: Deemed to be University(Pvt) | F10: ENGINEERING AND TECHNOLOGY | G10: UNDER GRADUATE | H10: MECHANICAL ENGINEERING | I10: 30 | J10: 45838 | K10: Expired
A11: 7 | B11: Amrita Vishwa Vidyapeetham University | C11: AMRITA VISHWA VIDYAPEETHAM AMRITAPURI CAMPUS | D11: Kerala | E11: Deemed to be University(Pvt) | F11: ENGINEERING AND TECHNOLOGY | G11: UNDER GRADUATE | H11: ELECTRONICS COMMUNICATION ENGG | I11: 120 | J11: 46568 | K11: Valid
A12: 8 | B12: Amrita Vishwa Vidyapeetham University | C12: AMRITA VISHWA VIDYAPEETHAM AMRITAPURI CAMPUS | D12: Kerala | E12: Deemed to be University(Pvt) | F12: ENGINEERING AND TECHNOLOGY | G12: UNDER GRADUATE | H12: ELECTRICAL AND ELECTRONICS ENGINEERING | I12: 60 | J12: 46568 | K12: Valid
A13: 9 | B13: Amrita Vishwa Vidyapeetham University | C13: AMRITA VISHWA VIDYAPEETHAM AMRITAPURI CAMPUS | D13: Kerala | E13: Deemed to be University(Pvt) | F13: ENGINEERING AND TECHNOLOGY | G13: UNDER GRADUATE | H13: MECHANICAL ENGINEERING | I13: 60 | J13: 46568 | K13: Valid
A14: 10 | B14: Amrita Vishwa Vidyapeetham University | C14: AMRITA VISHWA VIDYAPEETHAM COIMBATORE CAMPUS | D14: Tamil Nadu | E14: Deemed to be University(Pvt) | F14: ENGINEERING AND TECHNOLOGY | G14: UNDER GRADUATE | H14: COMPUTER SCIENCE AND ENGINEERING | I14: 480 | J14: 46568 | K14: Valid
A15: 11 | B15: Amrita Vishwa Vidyapeetham University | C15: AMRITA VISHWA VIDYAPEETHAM COIMBATORE CAMPUS | D15: Tamil Nadu | E15: Deemed to be University(Pvt) | F15: ENGINEERING AND TECHNOLOGY | G15: UNDER GRADUATE | H15: ELECTRONICS AND COMMUNICATION ENGINEERING | I15: 180 | J15: 46568 | K15: Valid
A16: 12 | B16: Amrita Vishwa Vidyapeetham University | C16: AMRITA VISHWA VIDYAPEETHAM COIMBATORE CAMPUS | D16: Tamil Nadu | E16: Deemed to be University(Pvt) | F16: ENGINEERING AND TECHNOLOGY | G16: UNDER GRADUATE | H16: MECHANICAL ENGINEERING | I16: 120 | J16: 46568 | K16: Valid
... A137: 133 | B137: Vignan's Foundation for Science, Technology and Research | C137: VIGNANS FOUNDATION FOR SCIENCE TECHNOLOGY AND RESEARCH | D137: Andhra Pradesh | E137: Deemed to be University(Pvt) | F137: ENGINEERING AND TECHNOLOGY | G137: UNDER GRADUATE | H137: MECHANICAL ENGINEERING | I137: 60 | J137: 46203 | K137: Expiring within 1 yr
